[{"medal":100,"time":"2025-02-03T15:38:02+0000","type":"medal","user":{"country":"se","medals":[93,77,12,34,152,79,129,52,10,100],"zones":[867,37129,1611,15580,7566],"pointsPerHour":0,"points":1085,"blocktime":975,"taken":1711,"name":"turfalurf","totalPoints":188811,"rank":25,"id":418261,"place":4097,"uniqueZonesTaken":151,"region":{"name":"Uppsala","id":142}}},{"medal":51,"time":"2025-02-03T15:30:43+0000","type":"medal","user":{"country":"se","medals":[93,100,92,31,51],"zones":[538346,7410,7412,26949,488737,652131,515453,7419,719446,413531],"pointsPerHour":0,"points":4008,"blocktime":705,"taken":31,"name":"Innuce","totalPoints":6307,"rank":7,"id":443630,"place":4092,"uniqueZonesTaken":26,"region":{"name":"Västra Götaland","id":132}}}]