[{"sender":{"country":"se","medals":[95,127,79,57,122,16,48,14,156,72,38,107],"zones":[477414,89280,10403,11446,407,62136,11849,28026,27982,43071],"pointsPerHour":54,"points":6296,"blocktime":1260,"taken":14486,"name":"jösses..då","totalPoints":2397717,"rank":44,"id":414549,"place":646,"uniqueZonesTaken":728,"region":{"name":"Västra Götaland","id":132}},"time":"2025-02-03T14:26:43+0000","message":"KaptenRc4: nej.men inte förvånad","region":{"name":"Västra Götaland","id":132},"type":"chat"}]