[{"medal":80,"time":"2025-02-04T13:48:47+0000","type":"medal","user":{"country":"de","medals":[84,80],"zones":[381572,392463,404315,430905],"pointsPerHour":0,"points":1149,"blocktime":645,"taken":6,"name":"Wanderfreund1","totalPoints":1149,"rank":3,"id":443653,"place":4387,"uniqueZonesTaken":6,"region":{"name":"Niedersachsen","id":444}}},{"medal":84,"time":"2025-02-04T13:44:06+0000","type":"medal","user":{"country":"de","medals":[84],"zones":[381572,392463,404315,430905],"pointsPerHour":0,"points":963,"blocktime":645,"taken":5,"name":"Wanderfreund1","totalPoints":963,"rank":3,"id":443653,"place":4386,"uniqueZonesTaken":5,"region":{"name":"Niedersachsen","id":444}}}]