[{"country":"se","sender":{"country":"se","medals":[79,77,7,96,13,16,47,55,72,34,104,127,122,70,155],"zones":[],"pointsPerHour":0,"points":0,"blocktime":16,"taken":1912,"name":"wolverineye","totalPoints":234258,"rank":27,"id":319181,"place":5687,"uniqueZonesTaken":473},"time":"2025-01-20T16:29:29+0000","message":"MrBungle: På*","type":"chat"},{"country":"se","sender":{"country":"se","medals":[79,77,7,96,13,16,47,55,72,34,104,127,122,70,155],"zones":[],"pointsPerHour":0,"points":0,"blocktime":16,"taken":1912,"name":"wolverineye","totalPoints":234258,"rank":27,"id":319181,"place":5686,"uniqueZonesTaken":473},"time":"2025-01-20T16:29:09+0000","message":"MrBungle: Glöm inte gpsn pp","type":"chat"},{"medal":31,"time":"2025-01-20T16:23:46+0000","type":"medal","user":{"country":"se","medals":[31],"zones":[21960],"pointsPerHour":0,"points":4972,"blocktime":11,"taken":25,"name":"Zingo16","totalPoints":6921,"rank":7,"id":335237,"place":5686,"uniqueZonesTaken":11,"region":{"name":"Örebro","id":131}}}]