[{"medal":33,"time":"2025-01-06T10:48:32+0000","type":"medal","user":{"country":"se","medals":[51,78,6,11,33],"zones":[637131,47666,28213,139431,118712,9308],"pointsPerHour":0,"points":858,"blocktime":930,"taken":500,"name":"bjornm","totalPoints":130400,"rank":22,"id":367186,"place":3675,"uniqueZonesTaken":62,"region":{"name":"Blekinge","id":136}}},{"medal":102,"time":"2025-01-06T10:46:47+0000","type":"medal","user":{"country":"se","medals":[93,71,151,52,6,11,32,102],"zones":[15858,559567,154027,176249,582612],"pointsPerHour":0,"points":5171,"blocktime":795,"taken":158,"name":"Natträven","totalPoints":28977,"rank":13,"id":442676,"place":3673,"uniqueZonesTaken":82,"region":{"name":"Västra Götaland","id":132}}},{"sender":{"country":"se","medals":[67,16,22,4,70,72,79,77,83,99,17,75,66,27,59,68,126,124,119,132,50,145,156],"zones":[],"pointsPerHour":0,"points":12077,"blocktime":1485,"taken":145169,"name":"SirWinston","totalPoints":25931309,"rank":59,"id":66854,"place":131,"uniqueZonesTaken":2794,"region":{"name":"Östergötland","id":139}},"time":"2025-01-06T10:40:20+0000","message":"lbrt: Grattis. Verkligen bra cyklat👏","region":{"name":"Östergötland","id":139},"type":"chat"}]