[{"medal":86,"time":"2025-01-06T09:04:46+0000","type":"medal","user":{"country":"fi","medals":[93,92,90,53,86],"zones":[8192,590445,590446,324451,33608,33610,177768,480108,178473,177769,404909,324456,620262,64819,479282,152980,177982,637428],"pointsPerHour":0,"points":7097,"blocktime":720,"taken":50,"name":"Sillen29","totalPoints":10116,"rank":8,"id":442470,"place":3574,"uniqueZonesTaken":34,"region":{"name":"Åland","id":177}}},{"sender":{"country":"fi","medals":[77,16,28,4,78,47,5,57,126,17,17,15,24,70,17,131,24,27,24,123,156,24,66,49,17,142,73,108],"zones":[11715,142602,74312,142601,33614,74007,74009,342652,39835,42331,570006,152989,20575],"pointsPerHour":32,"points":6423,"blocktime":1350,"taken":30897,"name":"Stellamarita","totalPoints":5387492,"rank":50,"id":139351,"place":332,"uniqueZonesTaken":1438,"region":{"name":"Åland","id":177}},"time":"2025-01-06T09:03:02+0000","message":"Limaja assist?","region":{"name":"Åland","id":177},"type":"chat"},{"sender":{"country":"se","medals":[93,52,11,32,152],"zones":[],"pointsPerHour":0,"points":0,"blocktime":795,"taken":144,"name":"AngieB","totalPoints":29427,"rank":13,"id":442776,"place":1107,"uniqueZonesTaken":94,"region":{"name":"Västmanland","id":143}},"time":"2025-01-06T08:51:16+0000","message":"Jaha okej tack!","region":{"name":"Västmanland","id":143},"type":"chat"}]