[{"medal":80,"time":"2025-02-10T10:54:56+0000","type":"medal","user":{"country":"se","medals":[80,84],"zones":[18592,491782,31717,24261,179816],"pointsPerHour":0,"points":992,"blocktime":645,"taken":5,"name":"drjones71","totalPoints":992,"rank":3,"id":443807,"place":5367,"uniqueZonesTaken":5,"region":{"name":"Södermanland","id":140}}},{"medal":84,"time":"2025-02-10T10:54:56+0000","type":"medal","user":{"country":"se","medals":[80,84],"zones":[18592,491782,31717,24261,179816],"pointsPerHour":0,"points":992,"blocktime":645,"taken":5,"name":"drjones71","totalPoints":992,"rank":3,"id":443807,"place":5367,"uniqueZonesTaken":5,"region":{"name":"Södermanland","id":140}}}]