[{"medal":78,"time":"2025-01-21T11:01:06+0000","type":"medal","user":{"country":"gb","medals":[51,85,78],"zones":[19664,355232,355648,556911,556912,359980,355647,359982,359979,19679,517384],"pointsPerHour":0,"points":2077,"blocktime":11,"taken":11,"name":"chugging","totalPoints":2077,"rank":5,"id":443315,"place":5711,"uniqueZonesTaken":11,"region":{"name":"West Midlands","id":208}}},{"medal":85,"time":"2025-01-21T10:59:12+0000","type":"medal","user":{"country":"gb","medals":[51,85],"zones":[19664,355232,355648,556911,556912,359980,359982,359979,19679,517384],"pointsPerHour":0,"points":1891,"blocktime":11,"taken":10,"name":"chugging","totalPoints":1891,"rank":4,"id":443315,"place":5710,"uniqueZonesTaken":10,"region":{"name":"West Midlands","id":208}}},{"medal":51,"time":"2025-01-21T10:59:12+0000","type":"medal","user":{"country":"gb","medals":[51,85],"zones":[19664,355232,355648,556911,556912,359980,359982,359979,19679,517384],"pointsPerHour":0,"points":1891,"blocktime":11,"taken":10,"name":"chugging","totalPoints":1891,"rank":4,"id":443315,"place":5710,"uniqueZonesTaken":10,"region":{"name":"West Midlands","id":208}}},{"sender":{"country":"uk","medals":[70,16,72,103,123,48,79,22,77,27,58,5,67,131,24,114,66,156,50,163,73],"zones":[138562,17347,17348,17349,345987,17350,559843,316744,564997,645540,326731,326741,504598,504597,504592,318003,216472,169151],"pointsPerHour":21,"points":63871,"blocktime":23,"taken":30946,"name":"Ramesses","totalPoints":7283067,"rank":53,"id":310547,"place":436,"uniqueZonesTaken":3233,"region":{"name":"Scotland","id":200}},"time":"2025-01-21T10:56:23+0000","message":"Boneshaker: Sorry, didn't see you. Assist at JCMB?","region":{"name":"Scotland","id":200},"type":"chat"},{"medal":84,"time":"2025-01-21T10:41:46+0000","type":"medal","user":{"country":"gb","medals":[80,84],"zones":[355232,556912,359980,359982,359979],"pointsPerHour":0,"points":964,"blocktime":10,"taken":5,"name":"chugging","totalPoints":964,"rank":3,"id":443315,"place":5710,"uniqueZonesTaken":5,"region":{"name":"West Midlands","id":208}}},{"medal":80,"time":"2025-01-21T10:41:46+0000","type":"medal","user":{"country":"gb","medals":[80,84],"zones":[355232,556912,359980,359982,359979],"pointsPerHour":0,"points":964,"blocktime":10,"taken":5,"name":"chugging","totalPoints":964,"rank":3,"id":443315,"place":5710,"uniqueZonesTaken":5,"region":{"name":"West Midlands","id":208}}}]