[{"medal":85,"time":"2025-01-14T12:21:00+0000","type":"medal","user":{"country":"se","medals":[80,94,85],"zones":[62307],"pointsPerHour":0,"points":265,"blocktime":11,"taken":10,"name":"elias1254","totalPoints":3734,"rank":6,"id":438166,"place":5289,"uniqueZonesTaken":8,"region":{"name":"Jönköping","id":133}}},{"medal":94,"time":"2025-01-14T12:20:37+0000","type":"medal","user":{"country":"se","medals":[94],"zones":[],"pointsPerHour":0,"points":185,"blocktime":10,"taken":1,"name":"harry873","totalPoints":185,"rank":0,"id":443249,"place":5288,"uniqueZonesTaken":1,"region":{"name":"Västernorrland","id":145}}},{"medal":94,"time":"2025-01-14T12:20:37+0000","type":"medal","user":{"country":"se","medals":[94],"zones":[],"pointsPerHour":0,"points":370,"blocktime":10,"taken":2,"name":"Jonnyponny","totalPoints":370,"rank":1,"id":443252,"place":5288,"uniqueZonesTaken":2,"region":{"name":"Västernorrland","id":145}}},{"medal":94,"time":"2025-01-14T12:18:11+0000","type":"medal","user":{"country":"se","medals":[94],"zones":[17266],"pointsPerHour":0,"points":370,"blocktime":10,"taken":2,"name":"Maximilain","totalPoints":370,"rank":1,"id":443228,"place":5288,"uniqueZonesTaken":2,"region":{"name":"Västernorrland","id":145}}},{"medal":94,"time":"2025-01-14T12:17:01+0000","type":"medal","user":{"country":"se","medals":[80,84,94],"zones":[],"pointsPerHour":0,"points":110,"blocktime":11,"taken":9,"name":"elias1254","totalPoints":3579,"rank":6,"id":438166,"place":5287,"uniqueZonesTaken":8,"region":{"name":"Jönköping","id":133}}},{"medal":94,"time":"2025-01-14T12:17:01+0000","type":"medal","user":{"country":"se","medals":[94],"zones":[],"pointsPerHour":0,"points":0,"blocktime":10,"taken":2,"name":"Laurinen","totalPoints":115,"rank":0,"id":437981,"place":5287,"uniqueZonesTaken":1,"region":{"name":"Jönköping","id":133}}},{"medal":93,"time":"2025-01-14T12:16:43+0000","type":"medal","user":{"country":"se","medals":[93],"zones":[],"pointsPerHour":0,"points":185,"blocktime":10,"taken":1,"name":"Jonnyponny","totalPoints":185,"rank":0,"id":443252,"place":5286,"uniqueZonesTaken":1,"region":{"name":"Västernorrland","id":145}}},{"medal":94,"time":"2025-01-14T12:13:49+0000","type":"medal","user":{"country":"se","medals":[94],"zones":[],"pointsPerHour":0,"points":185,"blocktime":10,"taken":1,"name":"Liam132","totalPoints":185,"rank":0,"id":443253,"place":5285,"uniqueZonesTaken":1,"region":{"name":"Västernorrland","id":145}}},{"medal":94,"time":"2025-01-14T12:13:49+0000","type":"medal","user":{"country":"se","medals":[94],"zones":[],"pointsPerHour":0,"points":185,"blocktime":10,"taken":1,"name":"Khalifa1","totalPoints":185,"rank":0,"id":443248,"place":5285,"uniqueZonesTaken":1,"region":{"name":"Västernorrland","id":145}}}]