[{"medal":80,"time":"2025-01-13T19:04:38+0000","type":"medal","user":{"country":"se","medals":[84,80],"zones":[84656,134214,527085,680310,68446],"pointsPerHour":0,"points":980,"blocktime":10,"taken":6,"name":"Krillestofferr","totalPoints":980,"rank":3,"id":443234,"place":5241,"uniqueZonesTaken":6,"region":{"name":"Västerbotten","id":127}}},{"medal":84,"time":"2025-01-13T19:01:21+0000","type":"medal","user":{"country":"se","medals":[84],"zones":[84656,134214,527085,68446],"pointsPerHour":0,"points":809,"blocktime":10,"taken":5,"name":"Krillestofferr","totalPoints":809,"rank":3,"id":443234,"place":5241,"uniqueZonesTaken":5,"region":{"name":"Västerbotten","id":127}}},{"sender":{"country":"se","medals":[5,16,79,27,72,75,68,70,68,128,77,7,58,96,88,104,15,124,159],"zones":[29184,718408,31810,11395,3203,31811,47748,11396,11397,11399,11400,7112,31817,31818,11404,44111,42320,116503,17942,116502,608414,31064,31067,93725,31069,92321,24225,24226,92322,24227,281831,42854,202404,642721,22770,22771,220405,687037,62009,481084],"pointsPerHour":137,"points":51425,"blocktime":23,"taken":46503,"name":"BrännaFett","totalPoints":8996051,"rank":54,"id":279725,"place":189,"uniqueZonesTaken":1168,"region":{"name":"Västmanland","id":143}},"time":"2025-01-13T18:51:38+0000","message":"anthi: Hej! Hur ser era cykelbanor ut i Västerås? Har ni också is och snö.","region":{"name":"Västmanland","id":143},"type":"chat"}]