[{"medal":92,"time":"2025-01-13T06:35:17+0000","type":"medal","user":{"country":"se","medals":[85,51,92],"zones":[570728,224534,12406,115083,570723,43739,9500,9501,33790,9502],"pointsPerHour":0,"points":2606,"blocktime":11,"taken":17,"name":"Beccabunga","totalPoints":2606,"rank":5,"id":443185,"place":5171,"uniqueZonesTaken":15,"region":{"name":"Uppsala","id":142}}},{"medal":51,"time":"2025-01-13T06:35:17+0000","type":"medal","user":{"country":"se","medals":[85,51,92],"zones":[570728,224534,12406,115083,570723,43739,9500,9501,33790,9502],"pointsPerHour":0,"points":2606,"blocktime":11,"taken":17,"name":"Beccabunga","totalPoints":2606,"rank":5,"id":443185,"place":5171,"uniqueZonesTaken":15,"region":{"name":"Uppsala","id":142}}},{"medal":31,"time":"2025-01-13T05:05:01+0000","type":"medal","user":{"country":"se","medals":[51,92,31],"zones":[23956,111430,117434,97791],"pointsPerHour":0,"points":4420,"blocktime":11,"taken":25,"name":"urreburre","totalPoints":4420,"rank":6,"id":443214,"place":5165,"uniqueZonesTaken":20,"region":{"name":"Östergötland","id":139}}}]