[{"medal":80,"time":"2025-02-04T11:02:03+0000","type":"medal","user":{"country":"se","medals":[85,80],"zones":[432181,20947,717118,31436,176829],"pointsPerHour":0,"points":1554,"blocktime":11,"taken":23,"name":"Echoe83","totalPoints":4785,"rank":6,"id":443446,"place":4319,"uniqueZonesTaken":9,"region":{"name":"Örebro","id":131}}},{"medal":31,"time":"2025-02-04T10:54:13+0000","type":"medal","user":{"country":"se","medals":[51,92,31],"zones":[179843,80589,12397,2958,42735,8095],"pointsPerHour":0,"points":1738,"blocktime":11,"taken":25,"name":"Zillwa","totalPoints":4827,"rank":6,"id":441826,"place":4315,"uniqueZonesTaken":17,"region":{"name":"Jämtland","id":128}}}]