[{"sender":{"country":"se","medals":[5,16,27,28,57,6,47,94,117,71,104,126,14,132,119,156],"zones":[20161,20162,23458,11940,12389,23527,12520,1448,1449,224073,1450,27947,685734,1452,1453,12017,23860,17497,8474,8570,426269,23516,23517],"pointsPerHour":105,"points":12386,"blocktime":24,"taken":117457,"name":"m3tr0","totalPoints":24280072,"rank":58,"id":9931,"place":342,"uniqueZonesTaken":647,"region":{"name":"Södermanland","id":140}},"time":"2025-02-03T18:34:56+0000","message":"björnunge nominerar jag till den obehagligaste fulblockaren/spökturfaren/bilturfaren.","region":{"name":"Södermanland","id":140},"type":"chat"},{"medal":51,"time":"2025-02-03T18:32:41+0000","type":"medal","user":{"country":"se","medals":[95,92,31,51],"zones":[96,15569,179424,221153,64650,972,973,8110,20334,94766],"pointsPerHour":0,"points":2629,"blocktime":11,"taken":28,"name":"Mr.Jr12345","totalPoints":3743,"rank":6,"id":443624,"place":4182,"uniqueZonesTaken":24,"region":{"name":"Östergötland","id":139}}}]