[{"medal":100,"time":"2025-02-03T10:46:03+0000","type":"medal","user":{"country":"se","medals":[93,85,51,92,100],"zones":[224055],"pointsPerHour":0,"points":470,"blocktime":11,"taken":20,"name":"Henkster","totalPoints":6728,"rank":7,"id":443317,"place":3879,"uniqueZonesTaken":18,"region":{"name":"Skåne","id":135}}},{"sender":{"country":"se","medals":[70,67,77,16,83,79,72,75,68,24,17,116,22,68,4,126,124,24,108,50,132,91,147,119,162,157],"zones":[22757,5577,31981,17551,12367,9681,19697,8949,569,28795,2813,63743],"pointsPerHour":60,"points":18568,"blocktime":24,"taken":114072,"name":"CRUSAIDER","totalPoints":16601880,"rank":58,"id":168025,"place":99,"uniqueZonesTaken":4252,"region":{"name":"Västmanland","id":143}},"time":"2025-02-03T10:37:08+0000","message":"ripe: Grattis till regionen","region":{"name":"Västmanland","id":143},"type":"chat"}]