[{"medal":85,"time":"2025-01-28T12:26:13+0000","type":"medal","user":{"country":"se","medals":[80,85],"zones":[515575,90872,464762,515576],"pointsPerHour":0,"points":1366,"blocktime":11,"taken":10,"name":"Niffler","totalPoints":1366,"rank":4,"id":443469,"place":6048,"uniqueZonesTaken":6,"region":{"name":"Kalmar","id":137}}},{"sender":{"country":"se","medals":[16,66,5,67,27,47,26,4,56,77,99,28,117,50,79,122,126,107,128,155,162,73],"zones":[228211,108980,20971,29534],"pointsPerHour":9,"points":34397,"blocktime":22,"taken":30346,"name":"acinom66","totalPoints":6109970,"rank":51,"id":32394,"place":1447,"uniqueZonesTaken":4524,"region":{"name":"Stockholm","id":141}},"time":"2025-01-28T12:22:51+0000","message":"Emsons83: Långpromenad idag i dimman. Bra jobbat 👣","region":{"name":"Stockholm","id":141},"type":"chat"}]