[{"medal":155,"time":"2025-01-27T19:14:05+0000","type":"medal","user":{"country":"se","medals":[55,10,46,14,122,128,94,66,79,38,155],"zones":[179296,178369,34564,34565,34566,354307,34567,354306,94121,15119,514504,475208,24047,552408,202065,7026,22836,7029,117049,686480,139100],"pointsPerHour":0,"points":100116,"blocktime":20,"taken":10620,"name":"Parastanwi","totalPoints":2277733,"rank":43,"id":327690,"place":6025,"uniqueZonesTaken":980,"region":{"name":"Stockholm","id":141}}},{"sender":{"country":"se","medals":[16,66,5,67,27,47,26,4,56,77,99,28,117,50,79,122,126,107,128,155,162,73],"zones":[228211,108980,7477,686013,20971,29534],"pointsPerHour":20,"points":34209,"blocktime":22,"taken":30346,"name":"acinom66","totalPoints":6109782,"rank":51,"id":32394,"place":1424,"uniqueZonesTaken":4524,"region":{"name":"Stockholm","id":141}},"time":"2025-01-27T19:10:33+0000","message":"Bizkit: tänkte åka typ 10. men x-tåget stannar inte i skogås.","region":{"name":"Stockholm","id":141},"type":"chat"}]