[{"sender":{"country":"se","medals":[79,46,55,14,77,28,131,94,38,16,103,153],"zones":[256],"pointsPerHour":8,"points":14871,"blocktime":20,"taken":14781,"name":"Egmondir","totalPoints":1737210,"rank":41,"id":176939,"place":2498,"uniqueZonesTaken":625,"region":{"name":"Stockholm","id":141}},"time":"2025-01-27T16:45:17+0000","message":"Mrdent: nära","region":{"name":"Stockholm","id":141},"type":"chat"},{"sender":{"country":"uk","medals":[46,16,27,127,6,57,94,153,13,78,28,35],"zones":[359877,374533,359873,361152,711116,359884,382857,645572,359883,382858,373731,14763,359863,397555,19894,359869,352381,359868,361148,352380,359871,361151,361150,359865,359864,355640,361147,352379,361146,352378],"pointsPerHour":36,"points":31867,"blocktime":20,"taken":2927,"name":"claire1967","totalPoints":1280339,"rank":40,"id":386796,"place":1501,"uniqueZonesTaken":291,"region":{"name":"West Midlands","id":208}},"time":"2025-01-27T16:41:04+0000","message":"I dont go to Audley lol","region":{"name":"West Midlands","id":208},"type":"chat"}]