[{"sender":{"country":"se","medals":[70,16,67,79,72,24,83,75,68,24,17,68,21,68,4,124,1,69,68,126,24,24,91,49,82,17,24,131,19,26,1,69,68,119,24,109,17,74,160,24,77,142,17,162,27,24],"zones":[43808,10928,319412,33685,98296,41881,427354,319416],"pointsPerHour":14,"points":8695,"blocktime":1470,"taken":118180,"name":"mrAce","totalPoints":16594612,"rank":58,"id":168289,"place":2650,"uniqueZonesTaken":5644,"region":{"name":"Västmanland","id":143}},"time":"2025-02-16T13:06:54+0000","message":"VÄDUREN: tack, vi ska vara försiktiga👍","region":{"name":"Västmanland","id":143},"type":"chat"},{"medal":85,"time":"2025-02-16T13:06:02+0000","type":"medal","user":{"country":"se","medals":[80,85],"zones":[20864,1074,154335],"pointsPerHour":0,"points":873,"blocktime":675,"taken":10,"name":"pyroola","totalPoints":3471,"rank":5,"id":443259,"place":5838,"uniqueZonesTaken":9,"region":{"name":"Skåne","id":135}}},{"sender":{"country":"se","medals":[67,9,16,24,22,57,48,24,72,79,77,24,66,26,24,17,83,117,24,24,50,24,17,4,24,24,27,124,126,17,130,17,119,24,17,155,24,70,143,17,142,162],"zones":[31762,13619,29700,134630,9716,8313],"pointsPerHour":28,"points":33218,"blocktime":1455,"taken":116250,"name":"VÄDUREN","totalPoints":14760465,"rank":57,"id":92950,"place":1005,"uniqueZonesTaken":4444,"region":{"name":"Västmanland","id":143}},"time":"2025-02-16T13:05:56+0000","message":"mrAce: Där har vi också varit en vinter. Var halt","region":{"name":"Västmanland","id":143},"type":"chat"},{"medal":40,"time":"2025-02-16T12:56:10+0000","type":"medal","user":{"country":"se","medals":[94,126,78,5,10,13,103,54,128,4,6,155,40],"zones":[64320,37828,96775,206857,37837,154636,29522,599391,718162,37787,42909,286,605015,176284,37792,7715,689961,37801,490472,519798,99760,57079,57081,64314,64315],"pointsPerHour":0,"points":33338,"blocktime":1305,"taken":20000,"name":"AndreaP","totalPoints":3894513,"rank":47,"id":243464,"place":5833,"uniqueZonesTaken":453,"region":{"name":"Stockholm","id":141}}}]