[{"zone":{"previousOwner":{"name":"Lillkniven","id":422821},"dateCreated":"2014-11-01T09:00:00+0000","dateLastTaken":"2025-02-16T23:11:27+0000","latitude":59.116392,"currentOwner":{"name":"JimmyAIK94","id":267637},"name":"Fluortanten","id":41684,"totalTakeovers":4187,"region":{"area":{"name":"Haninge kommun","id":1883},"country":"se","name":"Stockholm","id":141},"pointsPerHour":4,"longitude":18.102582,"takeoverPoints":140},"latitude":59.116392,"currentOwner":{"name":"JimmyAIK94","id":267637},"time":"2025-02-16T23:11:27+0000","type":"takeover","longitude":18.102582},{"zone":{"previousOwner":{"name":"lazyfrog","id":294810},"dateCreated":"2025-01-05T18:43:44+0000","dateLastTaken":"2025-02-16T23:10:44+0000","latitude":65.595949,"currentOwner":{"name":"grock","id":189790},"name":"BewareDragon","id":719605,"totalTakeovers":30,"region":{"area":{"name":"Luleå kommun","id":1798},"country":"se","name":"Norrbotten","id":126},"pointsPerHour":1,"longitude":22.193595,"takeoverPoints":185},"latitude":65.595949,"currentOwner":{"name":"grock","id":189790},"time":"2025-02-16T23:10:44+0000","type":"takeover","longitude":22.193595},{"zone":{"previousOwner":{"name":"Shmoo","id":440156},"dateCreated":"2025-01-14T10:31:39+0000","dateLastTaken":"2025-02-16T23:10:37+0000","latitude":55.869831,"currentOwner":{"name":"FenderJazz","id":299496},"name":"GullPurd","id":718811,"totalTakeovers":38,"region":{"area":{"name":"Glasgow City","id":2778},"country":"gb","name":"Scotland","id":200},"pointsPerHour":2,"longitude":-4.304875,"takeoverPoints":170},"latitude":55.869831,"currentOwner":{"name":"FenderJazz","id":299496},"time":"2025-02-16T23:10:37+0000","type":"takeover","longitude":-4.304875},{"zone":{"previousOwner":{"name":"Mani","id":27227},"dateCreated":"2017-04-15T08:00:00+0000","dateLastTaken":"2025-02-16T23:10:04+0000","latitude":57.657264,"currentOwner":{"name":"St1nsen","id":394890},"name":"Stubbfrost","id":98017,"totalTakeovers":7607,"region":{"area":{"name":"Mölndals kommun","id":1886},"country":"se","name":"Västra Götaland","id":132},"pointsPerHour":4,"longitude":11.991732,"takeoverPoints":140},"latitude":57.657264,"currentOwner":{"name":"St1nsen","id":394890},"time":"2025-02-16T23:10:04+0000","type":"takeover","longitude":11.991732},{"zone":{"previousOwner":{"name":"Siper","id":127332},"dateCreated":"2012-04-02T18:32:58+0000","dateLastTaken":"2025-02-16T23:09:18+0000","latitude":59.305453,"currentOwner":{"name":"Arga_katten","id":213031},"name":"MountEagleT","id":7833,"totalTakeovers":10314,"region":{"area":{"name":"Stockholms kommun","id":1828},"country":"se","name":"Stockholm","id":141},"pointsPerHour":6,"longitude":17.98937,"takeoverPoints":110},"latitude":59.305453,"currentOwner":{"name":"Arga_katten","id":213031},"time":"2025-02-16T23:09:18+0000","type":"takeover","longitude":17.98937},{"zone":{"previousOwner":{"name":"lazyfrog","id":294810},"dateLastTaken":"2025-02-16T23:09:00+0000","latitude":65.59825,"totalTakeovers":5120,"type":{"name":"Bridge","id":8},"pointsPerHour":3,"takeoverPoints":155,"dateCreated":"2014-08-29T20:27:59+0000","currentOwner":{"name":"grock","id":189790},"name":"Formkurvan","id":33891,"region":{"area":{"name":"Luleå kommun","id":1798},"country":"se","name":"Norrbotten","id":126},"longitude":22.19113},"latitude":65.59825,"currentOwner":{"name":"grock","id":189790},"time":"2025-02-16T23:09:00+0000","type":"takeover","longitude":22.19113},{"zone":{"previousOwner":{"name":"gunron","id":181189},"dateCreated":"2018-09-11T09:19:50+0000","dateLastTaken":"2025-02-16T23:08:50+0000","latitude":63.162744,"currentOwner":{"name":"Jamoz","id":223147},"name":"SlutPåMidgård","id":159416,"totalTakeovers":2577,"region":{"area":{"name":"Östersunds kommun","id":2050},"country":"se","name":"Jämtland","id":128},"pointsPerHour":3,"longitude":14.658136,"takeoverPoints":155},"latitude":63.162744,"currentOwner":{"name":"Jamoz","id":223147},"time":"2025-02-16T23:08:50+0000","type":"takeover","longitude":14.658136},{"zone":{"previousOwner":{"name":"sofokalmar","id":431516},"dateCreated":"2010-09-30T22:00:02+0000","dateLastTaken":"2025-02-16T23:08:48+0000","latitude":56.662133,"currentOwner":{"name":"Gallant","id":51547},"name":"KingSquare","id":949,"totalTakeovers":25471,"region":{"area":{"name":"Kalmar kommun","id":2015},"country":"se","name":"Kalmar","id":137},"pointsPerHour":6,"longitude":16.344759,"takeoverPoints":110},"latitude":56.662133,"currentOwner":{"name":"Gallant","id":51547},"time":"2025-02-16T23:08:48+0000","type":"takeover","longitude":16.344759},{"zone":{"previousOwner":{"name":"MrJokerit","id":81469},"dateCreated":"2014-12-24T08:00:00+0000","dateLastTaken":"2025-02-16T23:07:59+0000","latitude":57.704594,"currentOwner":{"name":"cyklaännumera","id":163694},"name":"LevLevzon","id":43070,"totalTakeovers":22192,"region":{"area":{"name":"Göteborgs kommun","id":1885},"country":"se","name":"Västra Götaland","id":132},"pointsPerHour":9,"longitude":11.99001,"takeoverPoints":65},"latitude":57.704594,"currentOwner":{"name":"cyklaännumera","id":163694},"time":"2025-02-16T23:07:59+0000","type":"takeover","longitude":11.99001},{"zone":{"previousOwner":{"name":"Tatyanka","id":436697},"dateCreated":"2010-09-04T14:41:37+0000","dateLastTaken":"2025-02-16T23:07:26+0000","latitude":55.586445,"currentOwner":{"name":"Király","id":169417},"name":"UpplandZone","id":401,"totalTakeovers":12468,"region":{"area":{"name":"Malmö kommun","id":1898},"country":"se","name":"Skåne","id":135},"pointsPerHour":6,"longitude":13.007882,"takeoverPoints":110},"latitude":55.586445,"currentOwner":{"name":"Király","id":169417},"time":"2025-02-16T23:07:26+0000","type":"takeover","longitude":13.007882},{"zone":{"previousOwner":{"name":"tosse64","id":116361},"dateCreated":"2014-01-06T23:15:00+0000","dateLastTaken":"2025-02-16T23:07:17+0000","latitude":57.650745,"currentOwner":{"name":"St1nsen","id":394890},"name":"Pedagogen","id":24768,"totalTakeovers":9946,"region":{"area":{"name":"Mölndals kommun","id":1886},"country":"se","name":"Västra Götaland","id":132},"pointsPerHour":4,"longitude":11.983852,"takeoverPoints":140},"latitude":57.650745,"currentOwner":{"name":"St1nsen","id":394890},"time":"2025-02-16T23:07:17+0000","type":"takeover","longitude":11.983852},{"zone":{"previousOwner":{"name":"lazyfrog","id":294810},"dateCreated":"2023-02-28T12:22:39+0000","dateLastTaken":"2025-02-16T23:07:10+0000","latitude":65.599219,"currentOwner":{"name":"grock","id":189790},"name":"Benexercis","id":564916,"totalTakeovers":981,"region":{"area":{"name":"Luleå kommun","id":1798},"country":"se","name":"Norrbotten","id":126},"pointsPerHour":3,"longitude":22.186659,"takeoverPoints":155},"latitude":65.599219,"currentOwner":{"name":"grock","id":189790},"time":"2025-02-16T23:07:10+0000","type":"takeover","longitude":22.186659}]