[{"zone":{"previousOwner":{"name":"Querny","id":387520},"dateCreated":"2024-02-17T21:30:42+0000","dateLastTaken":"2025-02-16T21:11:36+0000","latitude":54.048687,"currentOwner":{"name":"ade_sSROC","id":304412},"name":"MoorCanal","id":655446,"totalTakeovers":348,"region":{"area":{"name":"Lancashire","id":2805},"country":"gb","name":"North West England","id":201},"pointsPerHour":3,"longitude":-2.794251,"takeoverPoints":155},"latitude":54.048687,"currentOwner":{"name":"ade_sSROC","id":304412},"time":"2025-02-16T21:11:36+0000","type":"takeover","longitude":-2.794251},{"zone":{"previousOwner":{"name":"Ankan66","id":377166},"dateCreated":"2017-08-09T11:32:39+0000","dateLastTaken":"2025-02-16T21:11:14+0000","latitude":59.056939,"currentOwner":{"name":"JerryJung","id":439860},"name":"Lingonvändan","id":116657,"totalTakeovers":2960,"region":{"area":{"name":"Hallsbergs kommun","id":1822},"country":"se","name":"Örebro","id":131},"pointsPerHour":4,"longitude":15.126901,"takeoverPoints":140},"latitude":59.056939,"currentOwner":{"name":"JerryJung","id":439860},"time":"2025-02-16T21:11:14+0000","type":"takeover","longitude":15.126901},{"zone":{"previousOwner":{"name":"GMturf","id":417166},"dateCreated":"2020-07-04T17:00:00+0000","dateLastTaken":"2025-02-16T21:11:07+0000","latitude":55.921469,"currentOwner":{"name":"Cruachan","id":304571},"name":"AnInch","id":318005,"totalTakeovers":794,"region":{"area":{"name":"City of Edinburgh","id":2780},"country":"gb","name":"Scotland","id":200},"pointsPerHour":2,"longitude":-3.159003,"takeoverPoints":170},"latitude":55.921469,"currentOwner":{"name":"Cruachan","id":304571},"time":"2025-02-16T21:11:07+0000","type":"takeover","longitude":-3.159003},{"zone":{"previousOwner":{"name":"Creb","id":61651},"dateCreated":"2013-08-03T20:15:00+0000","dateLastTaken":"2025-02-16T21:11:06+0000","latitude":58.585881,"currentOwner":{"name":"arr3barr3","id":403625},"name":"EastStroll","id":21138,"totalTakeovers":12375,"region":{"area":{"name":"Norrköpings kommun","id":1853},"country":"se","name":"Östergötland","id":139},"pointsPerHour":5,"longitude":16.200288,"takeoverPoints":125},"latitude":58.585881,"currentOwner":{"name":"arr3barr3","id":403625},"time":"2025-02-16T21:11:06+0000","type":"takeover","longitude":16.200288},{"zone":{"previousOwner":{"name":"T.Reznor","id":310821},"dateCreated":"2020-12-24T08:10:52+0000","dateLastTaken":"2025-02-16T21:10:59+0000","latitude":57.467502,"currentOwner":{"name":"TamSham","id":302927},"name":"InverBeach","id":358613,"totalTakeovers":743,"region":{"area":{"name":"Highland","id":2784},"country":"gb","name":"Scotland","id":200},"pointsPerHour":1,"longitude":-4.229045,"takeoverPoints":185},"latitude":57.467502,"currentOwner":{"name":"TamSham","id":302927},"time":"2025-02-16T21:10:59+0000","type":"takeover","longitude":-4.229045},{"zone":{"previousOwner":{"name":"féarglas","id":280861},"dateCreated":"2020-12-16T09:49:34+0000","dateLastTaken":"2025-02-16T21:10:44+0000","latitude":55.909211,"currentOwner":{"name":"MarkkuEsoc","id":281588},"name":"OldFarmCourt","id":352820,"totalTakeovers":813,"region":{"area":{"name":"City of Edinburgh","id":2780},"country":"gb","name":"Scotland","id":200},"pointsPerHour":2,"longitude":-3.250513,"takeoverPoints":170},"latitude":55.909211,"currentOwner":{"name":"MarkkuEsoc","id":281588},"time":"2025-02-16T21:10:44+0000","type":"takeover","longitude":-3.250513},{"zone":{"previousOwner":{"name":"peterblom75","id":24971},"dateLastTaken":"2025-02-16T21:10:43+0000","latitude":59.314162,"totalTakeovers":39942,"type":{"name":"Train Station","id":13},"pointsPerHour":9,"takeoverPoints":65,"dateCreated":"2014-06-24T21:53:12+0000","currentOwner":{"name":"MrPeO","id":122433},"name":"SödraStation","id":31914,"region":{"area":{"name":"Stockholms kommun","id":1828},"country":"se","name":"Stockholm","id":141},"longitude":18.064802},"latitude":59.314162,"currentOwner":{"name":"MrPeO","id":122433},"time":"2025-02-16T21:10:43+0000","type":"takeover","longitude":18.064802},{"zone":{"previousOwner":{"name":"skogsbruk","id":418677},"dateLastTaken":"2025-02-16T21:10:35+0000","latitude":58.17553,"totalTakeovers":7613,"type":{"name":"Train Station","id":13},"pointsPerHour":8,"takeoverPoints":80,"dateCreated":"2010-10-31T00:00:00+0000","currentOwner":{"name":"bwb","id":64530},"name":"FalStation","id":890,"region":{"area":{"name":"Falköpings kommun","id":1914},"country":"se","name":"Västra Götaland","id":132},"longitude":13.552116},"latitude":58.17553,"currentOwner":{"name":"bwb","id":64530},"time":"2025-02-16T21:10:35+0000","type":"takeover","longitude":13.552116},{"zone":{"previousOwner":{"name":"Dudu","id":264635},"dateCreated":"2014-02-18T20:00:00+0000","dateLastTaken":"2025-02-16T21:10:33+0000","latitude":59.64586,"currentOwner":{"name":"Dominion","id":243721},"name":"Örtfabriken","id":25970,"totalTakeovers":8519,"region":{"area":{"name":"Enköpings kommun","id":1944},"country":"se","name":"Uppsala","id":142},"pointsPerHour":3,"longitude":17.069443,"takeoverPoints":155},"latitude":59.64586,"currentOwner":{"name":"Dominion","id":243721},"time":"2025-02-16T21:10:33+0000","type":"takeover","longitude":17.069443},{"zone":{"previousOwner":{"name":"JerryJung","id":439860},"dateCreated":"2016-12-24T11:00:00+0000","dateLastTaken":"2025-02-16T21:10:26+0000","latitude":59.057371,"currentOwner":{"name":"Ankan66","id":377166},"name":"Ängavakt","id":92250,"totalTakeovers":12123,"region":{"area":{"name":"Hallsbergs kommun","id":1822},"country":"se","name":"Örebro","id":131},"pointsPerHour":6,"longitude":15.109684,"takeoverPoints":110},"latitude":59.057371,"currentOwner":{"name":"Ankan66","id":377166},"time":"2025-02-16T21:10:26+0000","type":"takeover","longitude":15.109684},{"zone":{"previousOwner":{"name":"A-G-Essen","id":295365},"dateCreated":"2013-06-06T04:06:06+0000","dateLastTaken":"2025-02-16T21:10:20+0000","latitude":59.305216,"currentOwner":{"name":"Krussidullen","id":74555},"name":"Lillängen","id":18922,"totalTakeovers":6179,"region":{"area":{"name":"Nacka kommun","id":1829},"country":"se","name":"Stockholm","id":141},"pointsPerHour":5,"longitude":18.161007,"takeoverPoints":125},"latitude":59.305216,"currentOwner":{"name":"Krussidullen","id":74555},"time":"2025-02-16T21:10:20+0000","type":"takeover","longitude":18.161007},{"zone":{"dateCreated":"2020-12-27T14:57:31+0000","dateLastTaken":"2025-02-16T21:10:17+0000","latitude":55.613107,"currentOwner":{"name":"féarglas","id":280861},"name":"Broomlands","id":359472,"totalTakeovers":72,"region":{"area":{"name":"North Ayrshire","id":2783},"country":"gb","name":"Scotland","id":200},"pointsPerHour":1,"longitude":-4.659302,"takeoverPoints":185},"latitude":55.613107,"currentOwner":{"name":"féarglas","id":280861},"time":"2025-02-16T21:10:17+0000","type":"takeover","longitude":-4.659302},{"zone":{"previousOwner":{"name":"AJHB","id":312833},"dateCreated":"2013-06-15T08:00:00+0000","dateLastTaken":"2025-02-16T21:10:16+0000","latitude":54.971377,"currentOwner":{"name":"barbsie","id":314315},"name":"NightlifeZone","id":13228,"totalTakeovers":208,"region":{"area":{"name":"Newcastle upon Tyne","id":3793},"country":"gb","name":"North East England","id":199},"pointsPerHour":1,"longitude":-1.61469,"takeoverPoints":185},"latitude":54.971377,"currentOwner":{"name":"barbsie","id":314315},"time":"2025-02-16T21:10:16+0000","type":"takeover","longitude":-1.61469},{"zone":{"previousOwner":{"name":"Dacop","id":4415},"dateCreated":"2018-09-26T12:38:08+0000","dateLastTaken":"2025-02-16T21:10:16+0000","latitude":57.11079,"currentOwner":{"name":"siamosaurus","id":144347},"name":"LivingBike","id":171656,"totalTakeovers":171,"region":{"area":{"name":"Värnamo kommun","id":2007},"country":"se","name":"Jönköping","id":133},"pointsPerHour":1,"longitude":14.16797,"takeoverPoints":185},"latitude":57.11079,"currentOwner":{"name":"siamosaurus","id":144347},"time":"2025-02-16T21:10:16+0000","type":"takeover","longitude":14.16797},{"zone":{"previousOwner":{"name":"roswes67","id":86748},"dateCreated":"2016-01-10T21:11:19+0000","dateLastTaken":"2025-02-16T21:10:16+0000","latitude":63.815509,"currentOwner":{"name":"Mephistophca","id":224754},"name":"SpotlightKid","id":62642,"totalTakeovers":33068,"region":{"area":{"name":"Umeå kommun","id":2064},"country":"se","name":"Västerbotten","id":127},"pointsPerHour":8,"longitude":20.301176,"takeoverPoints":80},"latitude":63.815509,"currentOwner":{"name":"Mephistophca","id":224754},"time":"2025-02-16T21:10:16+0000","type":"takeover","longitude":20.301176},{"zone":{"previousOwner":{"name":"Duja","id":176782},"dateCreated":"2010-09-04T14:41:37+0000","dateLastTaken":"2025-02-16T21:10:12+0000","latitude":65.582878,"currentOwner":{"name":"grock","id":189790},"name":"LuleCityHall","id":614,"totalTakeovers":19594,"region":{"area":{"name":"Luleå kommun","id":1798},"country":"se","name":"Norrbotten","id":126},"pointsPerHour":6,"longitude":22.144322,"takeoverPoints":110},"latitude":65.582878,"currentOwner":{"name":"grock","id":189790},"time":"2025-02-16T21:10:12+0000","type":"takeover","longitude":22.144322},{"zone":{"previousOwner":{"name":"Forestrush","id":271444},"dateCreated":"2017-05-10T11:02:37+0000","dateLastTaken":"2025-02-16T21:10:11+0000","latitude":58.587798,"currentOwner":{"name":"arr3barr3","id":403625},"name":"PärleportenÖ","id":107747,"totalTakeovers":10081,"region":{"area":{"name":"Norrköpings kommun","id":1853},"country":"se","name":"Östergötland","id":139},"pointsPerHour":6,"longitude":16.199459,"takeoverPoints":110},"latitude":58.587798,"currentOwner":{"name":"arr3barr3","id":403625},"time":"2025-02-16T21:10:11+0000","type":"takeover","longitude":16.199459},{"zone":{"previousOwner":{"name":"Xoff","id":103201},"dateCreated":"2015-04-21T14:00:26+0000","dateLastTaken":"2025-02-16T21:10:11+0000","latitude":65.314815,"currentOwner":{"name":"Muskus72","id":443815},"name":"GardenLane","id":49511,"totalTakeovers":14042,"region":{"area":{"name":"Piteå kommun","id":1797},"country":"se","name":"Norrbotten","id":126},"pointsPerHour":4,"longitude":21.490634,"takeoverPoints":140},"latitude":65.314815,"currentOwner":{"name":"Muskus72","id":443815},"time":"2025-02-16T21:10:11+0000","type":"takeover","longitude":21.490634},{"zone":{"previousOwner":{"name":"Brainar","id":11930},"dateLastTaken":"2025-02-16T21:09:54+0000","latitude":59.568816,"totalTakeovers":12489,"type":{"name":"Train Station","id":13},"pointsPerHour":8,"takeoverPoints":80,"dateCreated":"2011-08-24T18:57:44+0000","currentOwner":{"name":"JimmyAIK94","id":267637},"name":"Bålstation","id":2814,"region":{"area":{"name":"Håbo","id":1980},"country":"se","name":"Uppsala","id":142},"longitude":17.532896},"latitude":59.568816,"currentOwner":{"name":"JimmyAIK94","id":267637},"time":"2025-02-16T21:09:54+0000","type":"takeover","longitude":17.532896},{"zone":{"previousOwner":{"name":"Ramesses","id":310547},"dateCreated":"2024-06-30T10:44:50+0000","dateLastTaken":"2025-02-16T21:09:49+0000","latitude":55.832122,"currentOwner":{"name":"Hodge","id":282118},"name":"AiHoOffToWork","id":675299,"totalTakeovers":452,"region":{"area":{"name":"Midlothian","id":2802},"country":"gb","name":"Scotland","id":200},"pointsPerHour":3,"longitude":-3.237023,"takeoverPoints":155},"latitude":55.832122,"currentOwner":{"name":"Hodge","id":282118},"time":"2025-02-16T21:09:49+0000","type":"takeover","longitude":-3.237023},{"zone":{"previousOwner":{"name":"My_moment","id":366556},"dateLastTaken":"2025-02-16T21:09:35+0000","latitude":65.828549,"totalTakeovers":4253,"type":{"name":"Train Station","id":13},"pointsPerHour":2,"takeoverPoints":170,"dateCreated":"2014-08-03T21:40:12+0000","currentOwner":{"name":"Moondancer","id":226431},"name":"BodenTrain","id":33314,"region":{"area":{"name":"Bodens kommun","id":1799},"country":"se","name":"Norrbotten","id":126},"longitude":21.707934},"latitude":65.828549,"currentOwner":{"name":"Moondancer","id":226431},"time":"2025-02-16T21:09:35+0000","type":"takeover","longitude":21.707934},{"zone":{"previousOwner":{"name":"DT","id":28460},"dateCreated":"2013-09-13T23:43:21+0000","dateLastTaken":"2025-02-16T21:09:34+0000","latitude":59.347749,"currentOwner":{"name":"Possanzini","id":20410},"name":"CherryPark","id":21542,"totalTakeovers":17732,"region":{"area":{"name":"Stockholms kommun","id":1828},"country":"se","name":"Stockholm","id":141},"pointsPerHour":7,"longitude":18.065177,"takeoverPoints":95},"latitude":59.347749,"currentOwner":{"name":"Possanzini","id":20410},"time":"2025-02-16T21:09:34+0000","type":"takeover","longitude":18.065177},{"zone":{"previousOwner":{"name":"anitem","id":346600},"dateCreated":"2017-03-15T15:03:35+0000","dateLastTaken":"2025-02-16T21:09:32+0000","latitude":59.286467,"currentOwner":{"name":"yyyyyobert","id":427804},"name":"VågaSägaNej","id":96304,"totalTakeovers":6456,"region":{"area":{"name":"Stockholms kommun","id":1828},"country":"se","name":"Stockholm","id":141},"pointsPerHour":4,"longitude":18.016723,"takeoverPoints":140},"latitude":59.286467,"currentOwner":{"name":"yyyyyobert","id":427804},"time":"2025-02-16T21:09:32+0000","type":"takeover","longitude":18.016723},{"zone":{"previousOwner":{"name":"féarglas","id":280861},"dateCreated":"2023-11-20T12:00:00+0000","dateLastTaken":"2025-02-16T21:09:03+0000","latitude":55.911429,"currentOwner":{"name":"MarkkuEsoc","id":281588},"name":"RobertRedford","id":651214,"totalTakeovers":228,"region":{"area":{"name":"City of Edinburgh","id":2780},"country":"gb","name":"Scotland","id":200},"pointsPerHour":2,"longitude":-3.247559,"takeoverPoints":170},"latitude":55.911429,"currentOwner":{"name":"MarkkuEsoc","id":281588},"time":"2025-02-16T21:09:03+0000","type":"takeover","longitude":-3.247559},{"zone":{"previousOwner":{"name":"NisseNasse","id":54085},"dateLastTaken":"2025-02-16T21:08:59+0000","latitude":59.333776,"totalTakeovers":31904,"type":{"name":"Winner Zone","id":6},"pointsPerHour":7,"takeoverPoints":95,"dateCreated":"2010-11-03T17:48:57+0000","currentOwner":{"name":"eddyueue","id":16},"name":"EyeSeeYou","id":1055,"region":{"area":{"name":"Stockholms kommun","id":1828},"country":"se","name":"Stockholm","id":141},"longitude":18.038861},"latitude":59.333776,"currentOwner":{"name":"eddyueue","id":16},"time":"2025-02-16T21:08:59+0000","type":"takeover","longitude":18.038861},{"zone":{"previousOwner":{"name":"GMturf","id":417166},"dateCreated":"2014-02-17T19:30:12+0000","dateLastTaken":"2025-02-16T21:08:56+0000","latitude":55.92394,"currentOwner":{"name":"Cruachan","id":304571},"name":"InchParkZone","id":25913,"totalTakeovers":903,"region":{"area":{"name":"City of Edinburgh","id":2780},"country":"gb","name":"Scotland","id":200},"pointsPerHour":2,"longitude":-3.156596,"takeoverPoints":170},"latitude":55.92394,"currentOwner":{"name":"Cruachan","id":304571},"time":"2025-02-16T21:08:56+0000","type":"takeover","longitude":-3.156596},{"zone":{"previousOwner":{"name":"SiggeFürst","id":400416},"dateCreated":"2010-09-27T12:07:42+0000","dateLastTaken":"2025-02-16T21:08:47+0000","latitude":58.589033,"currentOwner":{"name":"arr3barr3","id":403625},"name":"Oxelway","id":928,"totalTakeovers":7918,"region":{"area":{"name":"Norrköpings kommun","id":1853},"country":"se","name":"Östergötland","id":139},"pointsPerHour":3,"longitude":16.202935,"takeoverPoints":155},"latitude":58.589033,"currentOwner":{"name":"arr3barr3","id":403625},"time":"2025-02-16T21:08:47+0000","type":"takeover","longitude":16.202935},{"zone":{"previousOwner":{"name":"Querny","id":387520},"dateCreated":"2021-02-18T22:00:15+0000","dateLastTaken":"2025-02-16T21:08:37+0000","latitude":54.048054,"currentOwner":{"name":"ade_sSROC","id":304412},"name":"SquareEnd","id":381416,"totalTakeovers":855,"region":{"area":{"name":"Lancashire","id":2805},"country":"gb","name":"North West England","id":201},"pointsPerHour":3,"longitude":-2.790343,"takeoverPoints":155},"latitude":54.048054,"currentOwner":{"name":"ade_sSROC","id":304412},"time":"2025-02-16T21:08:37+0000","type":"takeover","longitude":-2.790343},{"zone":{"previousOwner":{"name":"zambody","id":123763},"dateCreated":"2013-09-25T22:04:47+0000","dateLastTaken":"2025-02-16T21:08:32+0000","latitude":63.729133,"currentOwner":{"name":"Knegare","id":335241},"name":"Korszon","id":21858,"totalTakeovers":5159,"region":{"area":{"name":"Umeå kommun","id":2064},"country":"se","name":"Västerbotten","id":127},"pointsPerHour":2,"longitude":20.387469,"takeoverPoints":170},"assists":[{"name":"KLC2","id":337663}],"latitude":63.729133,"currentOwner":{"name":"Knegare","id":335241},"time":"2025-02-16T21:08:32+0000","type":"takeover","longitude":20.387469},{"zone":{"previousOwner":{"name":"JerryJung","id":439860},"dateLastTaken":"2025-02-16T21:08:29+0000","latitude":59.058643,"totalTakeovers":10135,"type":{"name":"Bridge","id":8},"pointsPerHour":5,"takeoverPoints":125,"dateCreated":"2016-01-09T06:00:00+0000","currentOwner":{"name":"Ankan66","id":377166},"name":"Ekoparkbroen","id":62562,"region":{"area":{"name":"Hallsbergs kommun","id":1822},"country":"se","name":"Örebro","id":131},"longitude":15.10429},"latitude":59.058643,"currentOwner":{"name":"Ankan66","id":377166},"time":"2025-02-16T21:08:29+0000","type":"takeover","longitude":15.10429},{"zone":{"previousOwner":{"name":"Stockholmian","id":95046},"dateCreated":"2014-12-24T11:00:00+0000","dateLastTaken":"2025-02-16T21:08:29+0000","latitude":65.584022,"currentOwner":{"name":"grock","id":189790},"name":"LuleCentrum","id":41886,"totalTakeovers":22929,"region":{"area":{"name":"Luleå kommun","id":1798},"country":"se","name":"Norrbotten","id":126},"pointsPerHour":7,"longitude":22.150245,"takeoverPoints":95},"latitude":65.584022,"currentOwner":{"name":"grock","id":189790},"time":"2025-02-16T21:08:29+0000","type":"takeover","longitude":22.150245},{"zone":{"previousOwner":{"name":"Dudu","id":264635},"dateCreated":"2013-12-24T11:00:00+0000","dateLastTaken":"2025-02-16T21:08:27+0000","latitude":59.642623,"currentOwner":{"name":"Dominion","id":243721},"name":"OneLoopSquare","id":23812,"totalTakeovers":6842,"region":{"area":{"name":"Enköpings kommun","id":1944},"country":"se","name":"Uppsala","id":142},"pointsPerHour":4,"longitude":17.06913,"takeoverPoints":140},"latitude":59.642623,"currentOwner":{"name":"Dominion","id":243721},"time":"2025-02-16T21:08:27+0000","type":"takeover","longitude":17.06913},{"zone":{"previousOwner":{"name":"LBz","id":53734},"dateCreated":"2010-07-18T00:00:00+0000","dateLastTaken":"2025-02-16T21:08:14+0000","latitude":59.314582,"currentOwner":{"name":"MrPeO","id":122433},"name":"HalfMoonZone","id":134,"totalTakeovers":41506,"region":{"area":{"name":"Stockholms kommun","id":1828},"country":"se","name":"Stockholm","id":141},"pointsPerHour":9,"longitude":18.06833,"takeoverPoints":65},"latitude":59.314582,"currentOwner":{"name":"MrPeO","id":122433},"time":"2025-02-16T21:08:14+0000","type":"takeover","longitude":18.06833},{"zone":{"previousOwner":{"name":"Scalextric","id":47676},"dateCreated":"2017-04-28T07:20:00+0000","dateLastTaken":"2025-02-16T21:08:02+0000","latitude":59.197275,"currentOwner":{"name":"daddybest","id":104667},"name":"Stockmossen","id":102059,"totalTakeovers":2520,"region":{"area":{"name":"Botkyrka kommun","id":1836},"country":"se","name":"Stockholm","id":141},"pointsPerHour":1,"longitude":17.908824,"takeoverPoints":185},"latitude":59.197275,"currentOwner":{"name":"daddybest","id":104667},"time":"2025-02-16T21:08:02+0000","type":"takeover","longitude":17.908824},{"zone":{"previousOwner":{"name":"DoodleDad","id":311442},"dateCreated":"2020-08-24T07:00:00+0000","dateLastTaken":"2025-02-16T21:07:45+0000","latitude":56.052691,"currentOwner":{"name":"SnickerDoodle","id":317356},"name":"NoGolfing","id":321487,"totalTakeovers":2532,"region":{"area":{"name":"East Lothian","id":2786},"country":"gb","name":"Scotland","id":200},"pointsPerHour":3,"longitude":-2.724941,"takeoverPoints":155},"latitude":56.052691,"currentOwner":{"name":"SnickerDoodle","id":317356},"time":"2025-02-16T21:07:45+0000","type":"takeover","longitude":-2.724941},{"zone":{"previousOwner":{"name":"Tant_Turfa","id":111943},"dateCreated":"2018-12-25T14:36:43+0000","dateLastTaken":"2025-02-16T21:07:43+0000","latitude":59.7229,"currentOwner":{"name":"tbone","id":95195},"name":"PineConePark","id":178390,"totalTakeovers":2681,"region":{"area":{"name":"Knivsta kommun","id":1981},"country":"se","name":"Uppsala","id":142},"pointsPerHour":4,"longitude":17.798954,"takeoverPoints":140},"latitude":59.7229,"currentOwner":{"name":"tbone","id":95195},"time":"2025-02-16T21:07:43+0000","type":"takeover","longitude":17.798954},{"zone":{"previousOwner":{"name":"ValdemarJensen","id":386126},"dateLastTaken":"2025-02-16T21:07:42+0000","latitude":55.690691,"totalTakeovers":546,"type":{"name":"Train Station","id":13},"pointsPerHour":2,"takeoverPoints":170,"dateCreated":"2020-04-14T07:00:00+0000","currentOwner":{"name":"Superhelle","id":255978},"name":"GrøndalSt","id":235680,"region":{"area":{"name":"Københavns Kommune","id":2102},"country":"dk","name":"Hovedstaden","id":172},"longitude":12.515714},"latitude":55.690691,"currentOwner":{"name":"Superhelle","id":255978},"time":"2025-02-16T21:07:42+0000","type":"takeover","longitude":12.515714},{"zone":{"previousOwner":{"name":"féarglas","id":280861},"dateCreated":"2022-04-08T10:00:00+0000","dateLastTaken":"2025-02-16T21:07:32+0000","latitude":55.914326,"currentOwner":{"name":"MarkkuEsoc","id":281588},"name":"PatiesBroom","id":486045,"totalTakeovers":578,"region":{"area":{"name":"City of Edinburgh","id":2780},"country":"gb","name":"Scotland","id":200},"pointsPerHour":2,"longitude":-3.247503,"takeoverPoints":170},"latitude":55.914326,"currentOwner":{"name":"MarkkuEsoc","id":281588},"time":"2025-02-16T21:07:32+0000","type":"takeover","longitude":-3.247503},{"zone":{"previousOwner":{"name":"baconbulle","id":180224},"dateCreated":"2013-10-18T18:04:20+0000","dateLastTaken":"2025-02-16T21:07:29+0000","latitude":58.58753,"currentOwner":{"name":"arr3barr3","id":403625},"name":"Tvåbacken","id":22272,"totalTakeovers":6840,"region":{"area":{"name":"Norrköpings kommun","id":1853},"country":"se","name":"Östergötland","id":139},"pointsPerHour":2,"longitude":16.206907,"takeoverPoints":170},"latitude":58.58753,"currentOwner":{"name":"arr3barr3","id":403625},"time":"2025-02-16T21:07:29+0000","type":"takeover","longitude":16.206907},{"zone":{"previousOwner":{"name":"JerryJung","id":439860},"dateCreated":"2018-08-31T19:02:16+0000","dateLastTaken":"2025-02-16T21:07:25+0000","latitude":59.060323,"currentOwner":{"name":"Ankan66","id":377166},"name":"EKOEKoEkoeko","id":159413,"totalTakeovers":7594,"region":{"area":{"name":"Hallsbergs kommun","id":1822},"country":"se","name":"Örebro","id":131},"pointsPerHour":5,"longitude":15.105911,"takeoverPoints":125},"latitude":59.060323,"currentOwner":{"name":"Ankan66","id":377166},"time":"2025-02-16T21:07:25+0000","type":"takeover","longitude":15.105911},{"zone":{"previousOwner":{"name":"robin_ftw","id":352153},"dateCreated":"2016-11-30T12:06:31+0000","dateLastTaken":"2025-02-16T21:07:22+0000","latitude":64.743277,"currentOwner":{"name":"TommyH","id":264839},"name":"Skråmkrukan","id":91585,"totalTakeovers":7103,"region":{"area":{"name":"Skellefteå kommun","id":2065},"country":"se","name":"Västerbotten","id":127},"pointsPerHour":4,"longitude":20.942397,"takeoverPoints":140},"latitude":64.743277,"currentOwner":{"name":"TommyH","id":264839},"time":"2025-02-16T21:07:22+0000","type":"takeover","longitude":20.942397},{"zone":{"previousOwner":{"name":"HelgaMaria","id":305388},"dateCreated":"2023-05-20T04:13:14+0000","dateLastTaken":"2025-02-16T21:07:22+0000","latitude":63.819928,"currentOwner":{"name":"tur(f)gor","id":144328},"name":"Kråkbär","id":590111,"totalTakeovers":2768,"region":{"area":{"name":"Umeå kommun","id":2064},"country":"se","name":"Västerbotten","id":127},"pointsPerHour":5,"longitude":20.227295,"takeoverPoints":125},"latitude":63.819928,"currentOwner":{"name":"tur(f)gor","id":144328},"time":"2025-02-16T21:07:22+0000","type":"takeover","longitude":20.227295},{"zone":{"previousOwner":{"name":"N-R.Åsa","id":143951},"dateCreated":"2014-05-27T13:00:00+0000","dateLastTaken":"2025-02-16T21:07:19+0000","latitude":57.343596,"currentOwner":{"name":"N-R.Åsa","id":143951},"name":"Skytteviken","id":30326,"totalTakeovers":639,"region":{"area":{"name":"Kungsbacka kommun","id":1982},"country":"se","name":"Halland","id":134},"pointsPerHour":2,"longitude":12.108891,"takeoverPoints":170},"latitude":57.343596,"currentOwner":{"name":"N-R.Åsa","id":143951},"time":"2025-02-16T21:07:19+0000","type":"takeover","longitude":12.108891},{"zone":{"previousOwner":{"name":"AJHB","id":312833},"dateLastTaken":"2025-02-16T21:07:07+0000","latitude":54.970224,"totalTakeovers":206,"type":{"name":"Holy","id":9},"pointsPerHour":1,"takeoverPoints":185,"dateCreated":"2013-05-24T18:00:00+0000","currentOwner":{"name":"barbsie","id":314315},"name":"StNichChurch","id":12542,"region":{"area":{"name":"Newcastle upon Tyne","id":3793},"country":"gb","name":"North East England","id":199},"longitude":-1.611729},"latitude":54.970224,"currentOwner":{"name":"barbsie","id":314315},"time":"2025-02-16T21:07:07+0000","type":"takeover","longitude":-1.611729},{"zone":{"previousOwner":{"name":"Xoff","id":103201},"dateCreated":"2011-07-07T20:54:25+0000","dateLastTaken":"2025-02-16T21:07:07+0000","latitude":65.312875,"currentOwner":{"name":"Muskus72","id":443815},"name":"Pitepark","id":1923,"totalTakeovers":14128,"region":{"area":{"name":"Piteå kommun","id":1797},"country":"se","name":"Norrbotten","id":126},"pointsPerHour":3,"longitude":21.490523,"takeoverPoints":155},"latitude":65.312875,"currentOwner":{"name":"Muskus72","id":443815},"time":"2025-02-16T21:07:07+0000","type":"takeover","longitude":21.490523}]