[{"zone":{"previousOwner":{"name":"GMturf","id":417166},"dateCreated":"2023-06-09T15:00:00+0000","dateLastTaken":"2025-02-16T20:57:03+0000","latitude":55.935496,"currentOwner":{"name":"Cruachan","id":304571},"name":"GardenOfHope","id":598591,"totalTakeovers":66,"region":{"area":{"name":"City of Edinburgh","id":2780},"country":"gb","name":"Scotland","id":200},"pointsPerHour":1,"longitude":-3.130891,"takeoverPoints":185},"latitude":55.935496,"currentOwner":{"name":"Cruachan","id":304571},"time":"2025-02-16T20:57:03+0000","type":"takeover","longitude":-3.130891},{"zone":{"previousOwner":{"name":"SUPERIOЯ","id":122085},"dateCreated":"2016-08-01T15:00:00+0000","dateLastTaken":"2025-02-16T20:57:01+0000","latitude":59.484326,"currentOwner":{"name":"JonasfromHell","id":72077},"name":"PrunusSpinosa","id":80099,"totalTakeovers":6408,"region":{"area":{"name":"Upplands-Bro kommun","id":1832},"country":"se","name":"Stockholm","id":141},"pointsPerHour":6,"longitude":17.730563,"takeoverPoints":110},"latitude":59.484326,"currentOwner":{"name":"JonasfromHell","id":72077},"time":"2025-02-16T20:57:01+0000","type":"takeover","longitude":17.730563},{"zone":{"previousOwner":{"name":"T.Reznor","id":310821},"dateCreated":"2020-12-24T08:06:26+0000","dateLastTaken":"2025-02-16T20:57:01+0000","latitude":57.473083,"currentOwner":{"name":"TamSham","id":302927},"name":"HighlandersHQ","id":358611,"totalTakeovers":839,"region":{"area":{"name":"Highland","id":2784},"country":"gb","name":"Scotland","id":200},"pointsPerHour":2,"longitude":-4.233406,"takeoverPoints":170},"latitude":57.473083,"currentOwner":{"name":"TamSham","id":302927},"time":"2025-02-16T20:57:01+0000","type":"takeover","longitude":-4.233406},{"zone":{"previousOwner":{"name":"N3K","id":75709},"dateLastTaken":"2025-02-16T20:56:53+0000","latitude":59.479982,"totalTakeovers":2269,"type":{"name":"Bridge","id":8},"pointsPerHour":5,"takeoverPoints":125,"dateCreated":"2016-01-22T19:16:44+0000","currentOwner":{"name":"JimmyAIK94","id":267637},"name":"Mjölkvarns","id":63010,"region":{"area":{"name":"Upplands-Bro kommun","id":1832},"country":"se","name":"Stockholm","id":141},"longitude":17.705237},"latitude":59.479982,"currentOwner":{"name":"JimmyAIK94","id":267637},"time":"2025-02-16T20:56:53+0000","type":"takeover","longitude":17.705237},{"zone":{"dateCreated":"2021-02-16T12:00:00+0000","dateLastTaken":"2025-02-16T20:56:45+0000","latitude":55.609951,"currentOwner":{"name":"féarglas","id":280861},"name":"AnnickBend","id":382692,"totalTakeovers":68,"region":{"area":{"name":"North Ayrshire","id":2783},"country":"gb","name":"Scotland","id":200},"pointsPerHour":1,"longitude":-4.651539,"takeoverPoints":185},"latitude":55.609951,"currentOwner":{"name":"féarglas","id":280861},"time":"2025-02-16T20:56:45+0000","type":"takeover","longitude":-4.651539},{"zone":{"previousOwner":{"name":"Halt","id":443584},"dateCreated":"2013-07-30T21:12:38+0000","dateLastTaken":"2025-02-16T20:56:44+0000","latitude":63.793218,"currentOwner":{"name":"Knegare","id":335241},"name":"FactoryZone","id":21039,"totalTakeovers":8252,"region":{"area":{"name":"Umeå kommun","id":2064},"country":"se","name":"Västerbotten","id":127},"pointsPerHour":4,"longitude":20.304682,"takeoverPoints":140},"assists":[{"name":"KLC2","id":337663}],"latitude":63.793218,"currentOwner":{"name":"Knegare","id":335241},"time":"2025-02-16T20:56:44+0000","type":"takeover","longitude":20.304682},{"zone":{"previousOwner":{"name":"lönnen","id":174989},"dateCreated":"2017-12-30T17:56:43+0000","dateLastTaken":"2025-02-16T20:56:34+0000","latitude":65.578364,"currentOwner":{"name":"grock","id":189790},"name":"Hamnpir","id":139644,"totalTakeovers":1761,"region":{"area":{"name":"Luleå kommun","id":1798},"country":"se","name":"Norrbotten","id":126},"pointsPerHour":1,"longitude":22.167237,"takeoverPoints":185},"latitude":65.578364,"currentOwner":{"name":"grock","id":189790},"time":"2025-02-16T20:56:34+0000","type":"takeover","longitude":22.167237},{"zone":{"previousOwner":{"name":"Boolan","id":176334},"dateCreated":"2014-02-26T11:00:00+0000","dateLastTaken":"2025-02-16T20:56:22+0000","latitude":59.059104,"currentOwner":{"name":"JerryJung","id":439860},"name":"Änglavakt","id":26109,"totalTakeovers":14651,"region":{"area":{"name":"Hallsbergs kommun","id":1822},"country":"se","name":"Örebro","id":131},"pointsPerHour":6,"longitude":15.115711,"takeoverPoints":110},"latitude":59.059104,"currentOwner":{"name":"JerryJung","id":439860},"time":"2025-02-16T20:56:22+0000","type":"takeover","longitude":15.115711},{"zone":{"previousOwner":{"name":"N3K","id":75709},"dateCreated":"2018-06-15T10:15:41+0000","dateLastTaken":"2025-02-16T20:56:19+0000","latitude":59.476742,"currentOwner":{"name":"JimmyAIK94","id":267637},"name":"Sidospåret","id":154213,"totalTakeovers":1959,"region":{"area":{"name":"Upplands-Bro kommun","id":1832},"country":"se","name":"Stockholm","id":141},"pointsPerHour":3,"longitude":17.728503,"takeoverPoints":155},"latitude":59.476742,"currentOwner":{"name":"JimmyAIK94","id":267637},"time":"2025-02-16T20:56:19+0000","type":"takeover","longitude":17.728503},{"zone":{"previousOwner":{"name":"socker51","id":101724},"dateCreated":"2012-04-22T11:30:00+0000","dateLastTaken":"2025-02-16T20:56:19+0000","latitude":60.672934,"currentOwner":{"name":"Naset","id":156696},"name":"GoatsHill","id":8322,"totalTakeovers":23036,"region":{"area":{"name":"Gävle kommun","id":1895},"country":"se","name":"Gävleborg","id":144},"pointsPerHour":7,"longitude":17.146269,"takeoverPoints":95},"latitude":60.672934,"currentOwner":{"name":"Naset","id":156696},"time":"2025-02-16T20:56:19+0000","type":"takeover","longitude":17.146269},{"zone":{"previousOwner":{"name":"Heureka","id":89635},"dateCreated":"2014-10-10T06:00:00+0000","dateLastTaken":"2025-02-16T20:56:18+0000","latitude":59.255501,"currentOwner":{"name":"VARG82","id":242351},"name":"BästaSvängen","id":37402,"totalTakeovers":27599,"region":{"area":{"name":"Stockholms kommun","id":1828},"country":"se","name":"Stockholm","id":141},"pointsPerHour":8,"longitude":18.088612,"takeoverPoints":80},"latitude":59.255501,"currentOwner":{"name":"VARG82","id":242351},"time":"2025-02-16T20:56:18+0000","type":"takeover","longitude":18.088612},{"zone":{"previousOwner":{"name":"JerryJung","id":439860},"dateCreated":"2017-08-11T11:27:26+0000","dateLastTaken":"2025-02-16T20:56:04+0000","latitude":59.058001,"currentOwner":{"name":"Ankan66","id":377166},"name":"SmalStig","id":116654,"totalTakeovers":4714,"region":{"area":{"name":"Hallsbergs kommun","id":1822},"country":"se","name":"Örebro","id":131},"pointsPerHour":3,"longitude":15.097059,"takeoverPoints":155},"latitude":59.058001,"currentOwner":{"name":"Ankan66","id":377166},"time":"2025-02-16T20:56:04+0000","type":"takeover","longitude":15.097059},{"zone":{"previousOwner":{"name":"HansBersa","id":211010},"dateLastTaken":"2025-02-16T20:56:02+0000","latitude":57.684342,"totalTakeovers":11827,"type":{"name":"Bridge","id":8},"pointsPerHour":6,"takeoverPoints":110,"dateCreated":"2012-09-24T22:08:05+0000","currentOwner":{"name":"sackboy","id":433388},"name":"Dammigt","id":11485,"region":{"area":{"name":"Göteborgs kommun","id":1885},"country":"se","name":"Västra Götaland","id":132},"longitude":11.939936},"latitude":57.684342,"currentOwner":{"name":"sackboy","id":433388},"time":"2025-02-16T20:56:02+0000","type":"takeover","longitude":11.939936},{"zone":{"previousOwner":{"name":"sjörövarjenny","id":280157},"dateCreated":"2010-09-02T00:00:00+0000","dateLastTaken":"2025-02-16T20:55:56+0000","latitude":57.697299,"currentOwner":{"name":"sjsj","id":65622},"name":"LiseMount","id":460,"totalTakeovers":32091,"region":{"area":{"name":"Göteborgs kommun","id":1885},"country":"se","name":"Västra Götaland","id":132},"pointsPerHour":9,"longitude":11.98762,"takeoverPoints":65},"latitude":57.697299,"currentOwner":{"name":"sjsj","id":65622},"time":"2025-02-16T20:55:56+0000","type":"takeover","longitude":11.98762},{"zone":{"previousOwner":{"name":"Traveller","id":220699},"dateLastTaken":"2025-02-16T20:55:56+0000","latitude":59.475842,"totalTakeovers":4678,"type":{"name":"Bridge","id":8},"pointsPerHour":6,"takeoverPoints":110,"dateCreated":"2017-04-10T10:36:42+0000","currentOwner":{"name":"JimmyAIK94","id":267637},"name":"Smalbron","id":97978,"region":{"area":{"name":"Upplands-Bro kommun","id":1832},"country":"se","name":"Stockholm","id":141},"longitude":17.742199},"latitude":59.475842,"currentOwner":{"name":"JimmyAIK94","id":267637},"time":"2025-02-16T20:55:56+0000","type":"takeover","longitude":17.742199},{"zone":{"previousOwner":{"name":"Stalló","id":388046},"dateCreated":"2024-07-10T12:15:00+0000","dateLastTaken":"2025-02-16T20:55:52+0000","latitude":55.704775,"currentOwner":{"name":"Briq","id":430600},"name":"Merarbete","id":686743,"totalTakeovers":368,"region":{"area":{"name":"Lunds kommun","id":1948},"country":"se","name":"Skåne","id":135},"pointsPerHour":4,"longitude":13.161392,"takeoverPoints":140},"latitude":55.704775,"currentOwner":{"name":"Briq","id":430600},"time":"2025-02-16T20:55:52+0000","type":"takeover","longitude":13.161392},{"zone":{"previousOwner":{"name":"Siper","id":127332},"dateCreated":"2014-12-24T06:00:00+0000","dateLastTaken":"2025-02-16T20:55:43+0000","latitude":59.307513,"currentOwner":{"name":"bacchus_","id":225941},"name":"Aspuddenz","id":42459,"totalTakeovers":5116,"region":{"area":{"name":"Stockholms kommun","id":1828},"country":"se","name":"Stockholm","id":141},"pointsPerHour":5,"longitude":17.994011,"takeoverPoints":125},"latitude":59.307513,"currentOwner":{"name":"bacchus_","id":225941},"time":"2025-02-16T20:55:43+0000","type":"takeover","longitude":17.994011},{"zone":{"previousOwner":{"name":"Bizkit","id":144770},"dateLastTaken":"2025-02-16T20:55:24+0000","latitude":59.477558,"totalTakeovers":15011,"type":{"name":"Train Station","id":13},"pointsPerHour":8,"takeoverPoints":80,"dateCreated":"2011-09-06T17:31:10+0000","currentOwner":{"name":"JimmyAIK94","id":267637},"name":"Kingstrain","id":3103,"region":{"area":{"name":"Upplands-Bro kommun","id":1832},"country":"se","name":"Stockholm","id":141},"longitude":17.751451},"latitude":59.477558,"currentOwner":{"name":"JimmyAIK94","id":267637},"time":"2025-02-16T20:55:24+0000","type":"takeover","longitude":17.751451},{"zone":{"previousOwner":{"name":"Scalextric","id":47676},"dateCreated":"2014-09-28T05:00:00+0000","dateLastTaken":"2025-02-16T20:55:23+0000","latitude":59.204437,"currentOwner":{"name":"daddybest","id":104667},"name":"NightRoadZone","id":37388,"totalTakeovers":12023,"region":{"area":{"name":"Botkyrka kommun","id":1836},"country":"se","name":"Stockholm","id":141},"pointsPerHour":6,"longitude":17.90372,"takeoverPoints":110},"latitude":59.204437,"currentOwner":{"name":"daddybest","id":104667},"time":"2025-02-16T20:55:23+0000","type":"takeover","longitude":17.90372},{"zone":{"previousOwner":{"name":"GMturf","id":417166},"dateCreated":"2020-08-28T05:59:50+0000","dateLastTaken":"2025-02-16T20:55:09+0000","latitude":55.932442,"currentOwner":{"name":"Cruachan","id":304571},"name":"HouseBolton","id":322776,"totalTakeovers":408,"region":{"area":{"name":"City of Edinburgh","id":2780},"country":"gb","name":"Scotland","id":200},"pointsPerHour":1,"longitude":-3.131867,"takeoverPoints":185},"latitude":55.932442,"currentOwner":{"name":"Cruachan","id":304571},"time":"2025-02-16T20:55:09+0000","type":"takeover","longitude":-3.131867},{"zone":{"previousOwner":{"name":"lönnen","id":174989},"dateLastTaken":"2025-02-16T20:54:55+0000","latitude":65.579516,"totalTakeovers":166,"type":{"name":"Winner Zone","id":6},"pointsPerHour":6,"takeoverPoints":110,"dateCreated":"2024-10-16T20:29:28+0000","currentOwner":{"name":"grock","id":189790},"name":"RegionFight24","id":712895,"region":{"area":{"name":"Luleå kommun","id":1798},"country":"se","name":"Norrbotten","id":126},"longitude":22.16417},"latitude":65.579516,"currentOwner":{"name":"grock","id":189790},"time":"2025-02-16T20:54:55+0000","type":"takeover","longitude":22.16417},{"zone":{"previousOwner":{"name":"JerryJung","id":439860},"dateCreated":"2014-08-18T06:54:02+0000","dateLastTaken":"2025-02-16T20:54:51+0000","latitude":59.055606,"currentOwner":{"name":"Ankan66","id":377166},"name":"SkallerudZone","id":33663,"totalTakeovers":6320,"region":{"area":{"name":"Hallsbergs kommun","id":1822},"country":"se","name":"Örebro","id":131},"pointsPerHour":4,"longitude":15.097772,"takeoverPoints":140},"latitude":59.055606,"currentOwner":{"name":"Ankan66","id":377166},"time":"2025-02-16T20:54:51+0000","type":"takeover","longitude":15.097772},{"zone":{"previousOwner":{"name":"Querny","id":387520},"dateCreated":"2023-10-06T09:39:29+0000","dateLastTaken":"2025-02-16T20:54:47+0000","latitude":54.042495,"currentOwner":{"name":"ade_sSROC","id":304412},"name":"UoCSports","id":640932,"totalTakeovers":263,"region":{"area":{"name":"Lancashire","id":2805},"country":"gb","name":"North West England","id":201},"pointsPerHour":3,"longitude":-2.786513,"takeoverPoints":155},"latitude":54.042495,"currentOwner":{"name":"ade_sSROC","id":304412},"time":"2025-02-16T20:54:47+0000","type":"takeover","longitude":-2.786513},{"zone":{"previousOwner":{"name":"Turfgren","id":327379},"dateCreated":"2013-11-02T09:28:48+0000","dateLastTaken":"2025-02-16T20:54:36+0000","latitude":57.709638,"currentOwner":{"name":"Päivi","id":444010},"name":"CircleOfOdin","id":22638,"totalTakeovers":22571,"region":{"area":{"name":"Göteborgs kommun","id":1885},"country":"se","name":"Västra Götaland","id":132},"pointsPerHour":8,"longitude":11.984827,"takeoverPoints":80},"latitude":57.709638,"currentOwner":{"name":"Päivi","id":444010},"time":"2025-02-16T20:54:36+0000","type":"takeover","longitude":11.984827},{"zone":{"previousOwner":{"name":"HansBersa","id":211010},"dateCreated":"2015-07-19T13:10:54+0000","dateLastTaken":"2025-02-16T20:54:13+0000","latitude":57.684219,"currentOwner":{"name":"sackboy","id":433388},"name":"SeventhSeal","id":55846,"totalTakeovers":9455,"region":{"area":{"name":"Göteborgs kommun","id":1885},"country":"se","name":"Västra Götaland","id":132},"pointsPerHour":6,"longitude":11.941991,"takeoverPoints":110},"latitude":57.684219,"currentOwner":{"name":"sackboy","id":433388},"time":"2025-02-16T20:54:13+0000","type":"takeover","longitude":11.941991},{"zone":{"previousOwner":{"name":"Ramesses","id":310547},"dateCreated":"2021-03-05T07:00:00+0000","dateLastTaken":"2025-02-16T20:54:10+0000","latitude":55.830205,"currentOwner":{"name":"Hodge","id":282118},"name":"RullionBus","id":389459,"totalTakeovers":3334,"region":{"area":{"name":"Midlothian","id":2802},"country":"gb","name":"Scotland","id":200},"pointsPerHour":4,"longitude":-3.245441,"takeoverPoints":140},"latitude":55.830205,"currentOwner":{"name":"Hodge","id":282118},"time":"2025-02-16T20:54:10+0000","type":"takeover","longitude":-3.245441},{"zone":{"previousOwner":{"name":"Lingonkompott","id":113316},"dateCreated":"2019-09-01T17:00:00+0000","dateLastTaken":"2025-02-16T20:53:55+0000","latitude":64.746094,"currentOwner":{"name":"TommyH","id":264839},"name":"3Möjligheter","id":206348,"totalTakeovers":10999,"region":{"area":{"name":"Skellefteå kommun","id":2065},"country":"se","name":"Västerbotten","id":127},"pointsPerHour":5,"longitude":20.953399,"takeoverPoints":125},"latitude":64.746094,"currentOwner":{"name":"TommyH","id":264839},"time":"2025-02-16T20:53:55+0000","type":"takeover","longitude":20.953399},{"zone":{"previousOwner":{"name":"GMturf","id":417166},"dateLastTaken":"2025-02-16T20:53:53+0000","latitude":55.931367,"totalTakeovers":360,"type":{"name":"Holy","id":9},"pointsPerHour":1,"takeoverPoints":185,"dateCreated":"2020-07-12T17:00:00+0000","currentOwner":{"name":"Cruachan","id":304571},"name":"RobinChapel","id":318073,"region":{"area":{"name":"City of Edinburgh","id":2780},"country":"gb","name":"Scotland","id":200},"longitude":-3.13036},"latitude":55.931367,"currentOwner":{"name":"Cruachan","id":304571},"time":"2025-02-16T20:53:53+0000","type":"takeover","longitude":-3.13036},{"zone":{"previousOwner":{"name":"My_moment","id":366556},"dateCreated":"2010-09-04T14:41:37+0000","dateLastTaken":"2025-02-16T20:53:42+0000","latitude":65.580585,"currentOwner":{"name":"grock","id":189790},"name":"Boatzone","id":618,"totalTakeovers":17275,"region":{"area":{"name":"Luleå kommun","id":1798},"country":"se","name":"Norrbotten","id":126},"pointsPerHour":6,"longitude":22.162635,"takeoverPoints":110},"latitude":65.580585,"currentOwner":{"name":"grock","id":189790},"time":"2025-02-16T20:53:42+0000","type":"takeover","longitude":22.162635},{"zone":{"previousOwner":{"name":"roswes67","id":86748},"dateCreated":"2015-04-12T20:50:53+0000","dateLastTaken":"2025-02-16T20:53:33+0000","latitude":63.818638,"currentOwner":{"name":"LenaI","id":30500},"name":"NorraEntrén","id":48443,"totalTakeovers":49288,"region":{"area":{"name":"Umeå kommun","id":2064},"country":"se","name":"Västerbotten","id":127},"pointsPerHour":9,"longitude":20.297771,"takeoverPoints":65},"latitude":63.818638,"currentOwner":{"name":"LenaI","id":30500},"time":"2025-02-16T20:53:33+0000","type":"takeover","longitude":20.297771},{"zone":{"previousOwner":{"name":"DoodleDad","id":311442},"dateCreated":"2020-08-24T07:00:00+0000","dateLastTaken":"2025-02-16T20:53:31+0000","latitude":56.052027,"currentOwner":{"name":"SnickerDoodle","id":317356},"name":"LookAtTheLaw","id":321454,"totalTakeovers":2102,"region":{"area":{"name":"East Lothian","id":2786},"country":"gb","name":"Scotland","id":200},"pointsPerHour":3,"longitude":-2.715464,"takeoverPoints":155},"latitude":56.052027,"currentOwner":{"name":"SnickerDoodle","id":317356},"time":"2025-02-16T20:53:31+0000","type":"takeover","longitude":-2.715464},{"zone":{"previousOwner":{"name":"JerryJung","id":439860},"dateCreated":"2021-12-23T22:00:00+0000","dateLastTaken":"2025-02-16T20:53:29+0000","latitude":59.055803,"currentOwner":{"name":"Ankan66","id":377166},"name":"ÖppnaFält","id":472731,"totalTakeovers":2299,"region":{"area":{"name":"Hallsbergs kommun","id":1822},"country":"se","name":"Örebro","id":131},"pointsPerHour":3,"longitude":15.102579,"takeoverPoints":155},"latitude":59.055803,"currentOwner":{"name":"Ankan66","id":377166},"time":"2025-02-16T20:53:29+0000","type":"takeover","longitude":15.102579},{"zone":{"previousOwner":{"name":"T.Reznor","id":310821},"dateCreated":"2013-10-01T13:00:00+0000","dateLastTaken":"2025-02-16T20:53:26+0000","latitude":57.473304,"currentOwner":{"name":"TamSham","id":302927},"name":"EdenCourt","id":21924,"totalTakeovers":1155,"region":{"area":{"name":"Highland","id":2784},"country":"gb","name":"Scotland","id":200},"pointsPerHour":2,"longitude":-4.229807,"takeoverPoints":170},"latitude":57.473304,"currentOwner":{"name":"TamSham","id":302927},"time":"2025-02-16T20:53:26+0000","type":"takeover","longitude":-4.229807},{"zone":{"previousOwner":{"name":"Toka2","id":239329},"dateLastTaken":"2025-02-16T20:53:25+0000","latitude":58.078807,"totalTakeovers":4415,"type":{"name":"Train Station","id":13},"pointsPerHour":8,"takeoverPoints":80,"dateCreated":"2013-07-20T14:48:04+0000","currentOwner":{"name":"bwb","id":64530},"name":"LjungaTåg","id":20878,"region":{"area":{"name":"Herrljunga kommun","id":1931},"country":"se","name":"Västra Götaland","id":132},"longitude":13.020136},"latitude":58.078807,"currentOwner":{"name":"bwb","id":64530},"time":"2025-02-16T20:53:25+0000","type":"takeover","longitude":13.020136},{"zone":{"previousOwner":{"name":"FlygarAlex","id":256903},"dateCreated":"2013-11-18T12:11:25+0000","dateLastTaken":"2025-02-16T20:53:23+0000","latitude":59.332005,"currentOwner":{"name":"Kiwi_kz7","id":38191},"name":"Rälsbuss","id":23123,"totalTakeovers":28092,"region":{"area":{"name":"Stockholms kommun","id":1828},"country":"se","name":"Stockholm","id":141},"pointsPerHour":9,"longitude":18.054629,"takeoverPoints":65},"latitude":59.332005,"currentOwner":{"name":"Kiwi_kz7","id":38191},"time":"2025-02-16T20:53:23+0000","type":"takeover","longitude":18.054629},{"zone":{"previousOwner":{"name":"skolpsykologen","id":20845},"dateCreated":"2014-02-14T23:58:52+0000","dateLastTaken":"2025-02-16T20:53:19+0000","latitude":59.270527,"currentOwner":{"name":"skolpsykologen","id":20845},"name":"Eragon","id":25392,"totalTakeovers":7632,"region":{"area":{"name":"Stockholms kommun","id":1828},"country":"se","name":"Stockholm","id":141},"pointsPerHour":5,"longitude":18.127001,"takeoverPoints":125},"latitude":59.270527,"currentOwner":{"name":"skolpsykologen","id":20845},"time":"2025-02-16T20:53:19+0000","type":"takeover","longitude":18.127001},{"zone":{"previousOwner":{"name":"ElsieSpanner","id":309195},"dateCreated":"2020-09-17T14:30:00+0000","dateLastTaken":"2025-02-16T20:53:03+0000","latitude":55.925078,"currentOwner":{"name":"cmdopenguin7","id":385718},"name":"BankJobWatch","id":329451,"totalTakeovers":4693,"region":{"area":{"name":"City of Edinburgh","id":2780},"country":"gb","name":"Scotland","id":200},"pointsPerHour":6,"longitude":-3.209375,"takeoverPoints":110},"latitude":55.925078,"currentOwner":{"name":"cmdopenguin7","id":385718},"time":"2025-02-16T20:53:03+0000","type":"takeover","longitude":-3.209375},{"zone":{"previousOwner":{"name":"Briq","id":430600},"dateCreated":"2017-09-25T10:55:05+0000","dateLastTaken":"2025-02-16T20:52:55+0000","latitude":55.705846,"currentOwner":{"name":"Briq","id":430600},"name":"Sossekvarter","id":128586,"totalTakeovers":4093,"region":{"area":{"name":"Lunds kommun","id":1948},"country":"se","name":"Skåne","id":135},"pointsPerHour":3,"longitude":13.158922,"takeoverPoints":155},"latitude":55.705846,"currentOwner":{"name":"Briq","id":430600},"time":"2025-02-16T20:52:55+0000","type":"takeover","longitude":13.158922},{"zone":{"previousOwner":{"name":"TXL","id":62645},"dateCreated":"2013-07-06T17:30:00+0000","dateLastTaken":"2025-02-16T20:52:50+0000","latitude":55.601566,"currentOwner":{"name":"Aloxe-Corton","id":375546},"name":"RoslinsCorner","id":20494,"totalTakeovers":9375,"region":{"area":{"name":"Malmö kommun","id":1898},"country":"se","name":"Skåne","id":135},"pointsPerHour":5,"longitude":12.978044,"takeoverPoints":125},"latitude":55.601566,"currentOwner":{"name":"Aloxe-Corton","id":375546},"time":"2025-02-16T20:52:50+0000","type":"takeover","longitude":12.978044},{"zone":{"previousOwner":{"name":"Eing","id":376150},"dateCreated":"2015-04-21T14:00:26+0000","dateLastTaken":"2025-02-16T20:52:48+0000","latitude":65.312144,"currentOwner":{"name":"Muskus72","id":443815},"name":"TimberTrail","id":49510,"totalTakeovers":11349,"region":{"area":{"name":"Piteå kommun","id":1797},"country":"se","name":"Norrbotten","id":126},"pointsPerHour":3,"longitude":21.485282,"takeoverPoints":155},"latitude":65.312144,"currentOwner":{"name":"Muskus72","id":443815},"time":"2025-02-16T20:52:48+0000","type":"takeover","longitude":21.485282},{"zone":{"previousOwner":{"name":"Scalextric","id":47676},"dateCreated":"2019-02-17T14:18:29+0000","dateLastTaken":"2025-02-16T20:52:40+0000","latitude":59.205911,"currentOwner":{"name":"daddybest","id":104667},"name":"Römossen","id":179983,"totalTakeovers":6382,"region":{"area":{"name":"Botkyrka kommun","id":1836},"country":"se","name":"Stockholm","id":141},"pointsPerHour":4,"longitude":17.914723,"takeoverPoints":140},"latitude":59.205911,"currentOwner":{"name":"daddybest","id":104667},"time":"2025-02-16T20:52:40+0000","type":"takeover","longitude":17.914723},{"zone":{"previousOwner":{"name":"LeiLar","id":34920},"dateCreated":"2019-10-01T20:59:18+0000","dateLastTaken":"2025-02-16T20:52:34+0000","latitude":63.81352,"currentOwner":{"name":"linkaz","id":101631},"name":"Dialogfröet","id":204691,"totalTakeovers":6811,"region":{"area":{"name":"Umeå kommun","id":2064},"country":"se","name":"Västerbotten","id":127},"pointsPerHour":5,"longitude":20.343014,"takeoverPoints":125},"latitude":63.81352,"currentOwner":{"name":"linkaz","id":101631},"time":"2025-02-16T20:52:34+0000","type":"takeover","longitude":20.343014},{"zone":{"previousOwner":{"name":"HansBersa","id":211010},"dateCreated":"2013-08-18T10:20:16+0000","dateLastTaken":"2025-02-16T20:52:31+0000","latitude":57.684156,"currentOwner":{"name":"sackboy","id":433388},"name":"Plaskdammen","id":21344,"totalTakeovers":13948,"region":{"area":{"name":"Göteborgs kommun","id":1885},"country":"se","name":"Västra Götaland","id":132},"pointsPerHour":7,"longitude":11.947135,"takeoverPoints":95},"latitude":57.684156,"currentOwner":{"name":"sackboy","id":433388},"time":"2025-02-16T20:52:31+0000","type":"takeover","longitude":11.947135},{"zone":{"previousOwner":{"name":"anitem","id":346600},"dateCreated":"2012-07-01T22:05:23+0000","dateLastTaken":"2025-02-16T20:52:31+0000","latitude":59.287873,"currentOwner":{"name":"yyyyyobert","id":427804},"name":"EastHillPark","id":9589,"totalTakeovers":5218,"region":{"area":{"name":"Stockholms kommun","id":1828},"country":"se","name":"Stockholm","id":141},"pointsPerHour":3,"longitude":18.028343,"takeoverPoints":155},"latitude":59.287873,"currentOwner":{"name":"yyyyyobert","id":427804},"time":"2025-02-16T20:52:31+0000","type":"takeover","longitude":18.028343},{"zone":{"previousOwner":{"name":"grufgran","id":400359},"dateCreated":"2013-12-15T23:12:51+0000","dateLastTaken":"2025-02-16T20:52:30+0000","latitude":59.335477,"currentOwner":{"name":"Jompo","id":229562},"name":"Ulvarakan","id":23641,"totalTakeovers":6773,"region":{"area":{"name":"Stockholms kommun","id":1828},"country":"se","name":"Stockholm","id":141},"pointsPerHour":5,"longitude":17.960726,"takeoverPoints":125},"latitude":59.335477,"currentOwner":{"name":"Jompo","id":229562},"time":"2025-02-16T20:52:30+0000","type":"takeover","longitude":17.960726},{"zone":{"previousOwner":{"name":"Alvsjosemlan","id":46136},"dateCreated":"2010-11-01T20:13:19+0000","dateLastTaken":"2025-02-16T20:52:20+0000","latitude":57.716491,"currentOwner":{"name":"nalle42","id":1670},"name":"Redberg","id":1044,"totalTakeovers":22016,"region":{"area":{"name":"Göteborgs kommun","id":1885},"country":"se","name":"Västra Götaland","id":132},"pointsPerHour":7,"longitude":12.005214,"takeoverPoints":95},"latitude":57.716491,"currentOwner":{"name":"nalle42","id":1670},"time":"2025-02-16T20:52:20+0000","type":"takeover","longitude":12.005214},{"zone":{"previousOwner":{"name":"My_moment","id":366556},"dateLastTaken":"2025-02-16T20:52:13+0000","latitude":65.579542,"totalTakeovers":3610,"type":{"name":"Winner Zone","id":6},"pointsPerHour":4,"takeoverPoints":140,"dateCreated":"2022-04-08T19:36:37+0000","currentOwner":{"name":"grock","id":189790},"name":"grock","id":488771,"region":{"area":{"name":"Luleå kommun","id":1798},"country":"se","name":"Norrbotten","id":126},"longitude":22.160317},"latitude":65.579542,"currentOwner":{"name":"grock","id":189790},"time":"2025-02-16T20:52:13+0000","type":"takeover","longitude":22.160317}]