[{"sender":{"country":"se","medals":[127,67,24,78,16,46,7,4,70,122,55,10,155,24,17,142,103,36,15],"zones":[563177,718152,92293,228,37576,12424,12425,37578,317258,25427,148607,135807],"pointsPerHour":57,"points":12674,"blocktime":19,"taken":5580,"name":"Strojes","totalPoints":935032,"rank":37,"id":415965,"place":336,"uniqueZonesTaken":1006,"region":{"name":"Stockholm","id":141}},"time":"2025-01-07T15:39:12+0000","message":"MrMcFox 🙌","region":{"name":"Stockholm","id":141},"type":"chat"},{"medal":11,"time":"2025-01-07T15:38:31+0000","type":"medal","user":{"country":"se","medals":[51,32,127,152,11],"zones":[190327,158441],"pointsPerHour":0,"points":455,"blocktime":13,"taken":156,"name":"Andrzej1","totalPoints":51771,"rank":15,"id":441911,"place":4328,"uniqueZonesTaken":50,"region":{"name":"Västernorrland","id":145}}},{"sender":{"country":"se","medals":[79,4,28,47,7,16,57,122,117,70,15,24,99,77,130,104,40,156],"zones":[1056,1092,43177,153992,22794,1226,1228,321640,656612,182611,92240,1073,408212,27957,176318,348763],"pointsPerHour":55,"points":9907,"blocktime":22,"taken":24125,"name":"MrMcFox","totalPoints":4622383,"rank":49,"id":159564,"place":500,"uniqueZonesTaken":1300,"region":{"name":"Stockholm","id":141}},"time":"2025-01-07T15:38:17+0000","message":"strojes: 🙌","region":{"name":"Stockholm","id":141},"type":"chat"},{"medal":31,"time":"2025-01-07T15:36:23+0000","type":"medal","user":{"country":"se","medals":[80,92,31],"zones":[30256,655866,1844,318348,30252,138863],"pointsPerHour":0,"points":2150,"blocktime":11,"taken":25,"name":"Peetraa88","totalPoints":4183,"rank":6,"id":442865,"place":4328,"uniqueZonesTaken":17,"region":{"name":"Skåne","id":135}}}]