[{"sender":{"country":"wd","medals":[67,16,9,27,70,5,49,77,79,10,47,4,82,68,91,104,97,122,22,126,127,50,40,155,162],"zones":[482351],"pointsPerHour":1,"points":1249,"blocktime":23,"taken":23416,"name":"Empotrollet","totalPoints":8132357,"rank":54,"id":121267,"place":2281,"uniqueZonesTaken":2969,"region":{"name":"Thailand","id":220}},"time":"2025-01-07T03:06:47+0000","message":"Arn16: Hej! du orkade inte ta vattenzonen vid Jomtien","region":{"name":"Thailand","id":220},"type":"chat"},{"sender":{"country":"se","medals":[5,67,16,117,77,28,4,94,7,70,55,47,13,21,132,71,27,103,38,155],"zones":[348327,21730,1204,30788,228139,556835],"pointsPerHour":19,"points":1978,"blocktime":20,"taken":10943,"name":"TURFCOMET!","totalPoints":2238870,"rank":43,"id":290323,"place":1862,"uniqueZonesTaken":450,"region":{"name":"Kronoberg","id":147}},"time":"2025-01-07T02:27:13+0000","message":"sittam: Grattis till regionmedaljen! 🙂","region":{"name":"Kronoberg","id":147},"type":"chat"}]