[{"sender":{"country":"se","medals":[24,16,17,17,24,24,24,24,27,79,24,28,17,116,47,15,4,77,117,24,126,22,24,57,122,131,66,30,118,155,143],"zones":[26197,357474,44715,650517,515579,9597,8382,60798,78286,278619,134957],"pointsPerHour":19,"points":69364,"blocktime":1470,"taken":90489,"name":"alligatorn","totalPoints":15653736,"rank":58,"id":26497,"place":681,"uniqueZonesTaken":1592,"region":{"name":"Stockholm","id":141}},"time":"2025-02-24T10:13:33+0000","message":"krokodilen: gäss","region":{"name":"Stockholm","id":141},"type":"chat"},{"sender":{"country":"se","medals":[17,16,17,79,24,17,116,47,27,56,4,77,117,28,24,126,22,24,15,5,122,89,131,66,30,111,154],"zones":[26529,29299,29302,109079,109078,603185,8377,8378,26523,167742,278617,278618,254],"pointsPerHour":37,"points":52510,"blocktime":1440,"taken":67320,"name":"krokodilen","totalPoints":11634903,"rank":56,"id":45356,"place":963,"uniqueZonesTaken":1307,"region":{"name":"Stockholm","id":141}},"time":"2025-02-24T10:11:29+0000","message":"alligatorn: anade det🙄 Ta det försiktigt!","region":{"name":"Stockholm","id":141},"type":"chat"}]