[{"country":"se","sender":{"country":"se","medals":[47,16,28,79,77,57,14,70,95,6,111,88,155],"zones":[],"pointsPerHour":0,"points":0,"blocktime":1365,"taken":42306,"name":"adde45","totalPoints":5832315,"rank":51,"id":128558,"place":1832,"uniqueZonesTaken":836,"region":{"name":"Värmland","id":130}},"time":"2025-01-06T18:08:01+0000","message":"uppuppuppner: kämpa","type":"chat"},{"medal":46,"time":"2025-01-06T18:03:31+0000","type":"medal","user":{"country":"se","medals":[90,93,71,152,32,54,100,12,46],"zones":[80769,20160,80768,80770,62339,559567,712897,296264,2515,2517,2519,2520,711504,19229,602070,19231,129383,685991,16045,179440,203703,15860,8245,142266,8248,176249,47485,689527],"pointsPerHour":0,"points":12590,"blocktime":840,"taken":231,"name":"mangokungen","totalPoints":57412,"rank":16,"id":442675,"place":4011,"uniqueZonesTaken":103,"region":{"name":"Södermanland","id":140}}},{"sender":{"country":"uk","medals":[93,79,127,16,14,103,35,7,57,155],"zones":[351367,476627,411218,411219,484434,351363,368595,389852,484413],"pointsPerHour":9,"points":2749,"blocktime":1215,"taken":3413,"name":"Oneman&hisdog","totalPoints":1539748,"rank":41,"id":314298,"place":1362,"uniqueZonesTaken":647,"region":{"name":"Scotland","id":200}},"time":"2025-01-06T17:41:32+0000","message":"Fergie: just chugging about. I think League 7 is about my level.","region":{"name":"Scotland","id":200},"type":"chat"}]