[{"medal":51,"time":"2025-02-18T14:36:35+0000","type":"medal","user":{"country":"se","medals":[93,85,51],"zones":[719448,7059,97138,15097,410,460,12044,1389,22638,7055],"pointsPerHour":0,"points":1533,"blocktime":11,"taken":19,"name":"Päivi","totalPoints":1533,"rank":4,"id":444010,"place":5953,"uniqueZonesTaken":12,"region":{"name":"Västra Götaland","id":132}}},{"medal":89,"time":"2025-02-18T14:21:45+0000","type":"medal","user":{"country":"se","medals":[16,5,28,48,24,77,113,24,56,117,66,49,24,15,24,122,24,126,79,17,115,22,131,107,24,17,24,24,154,89],"zones":[21858,109698,996,11494,44553,114027,62642,82354,719262,519728,101974,168221],"pointsPerHour":0,"points":14635,"blocktime":22,"taken":50000,"name":"ghbl","totalPoints":6036483,"rank":51,"id":136982,"place":5951,"uniqueZonesTaken":1419,"region":{"name":"Västerbotten","id":127}}}]