[{"medal":154,"time":"2025-02-18T12:43:20+0000","type":"medal","user":{"country":"se","medals":[93,100,10,127,12,46,55,33,154],"zones":[179843,2951,80710,2954,8907,407629,687110,1869,2958,2959,80590,92112,559569,8092,32669,32670,220956,32675,44259,32676,32684,42735,652479,154041,21947,109502],"pointsPerHour":0,"points":75025,"blocktime":14,"taken":595,"name":"Steffe_Squid","totalPoints":98911,"rank":19,"id":443501,"place":5935,"uniqueZonesTaken":162,"region":{"name":"Jämtland","id":128}}},{"medal":93,"time":"2025-02-18T12:32:34+0000","type":"medal","user":{"country":"se","medals":[93],"zones":[],"pointsPerHour":0,"points":327,"blocktime":10,"taken":2,"name":"LHR","totalPoints":327,"rank":1,"id":443498,"place":5933,"uniqueZonesTaken":2,"region":{"name":"Västmanland","id":143}}}]