[{"medal":93,"time":"2025-02-18T13:19:45+0000","type":"medal","user":{"country":"se","medals":[84,93],"zones":[],"pointsPerHour":0,"points":185,"blocktime":645,"taken":6,"name":"Emilchrist","totalPoints":840,"rank":3,"id":431383,"place":5944,"uniqueZonesTaken":6,"region":{"name":"Stockholm","id":141}}},{"sender":{"country":"uk","medals":[16,79,5,34,56,94,104,46,154,14,28],"zones":[364461,364460,351375,685952,364459,351380,321591,351377,321617,351378,656502,351386,321595],"pointsPerHour":18,"points":36033,"blocktime":1155,"taken":2350,"name":"Arnsturf#","totalPoints":948630,"rank":37,"id":384278,"place":1069,"uniqueZonesTaken":576,"region":{"name":"Scotland","id":200}},"time":"2025-02-18T13:17:09+0000","message":"Cruachan: Was fun Taking WyndyGap back off you the other day after i refuelled with a banana Split at Lucca's 😋","region":{"name":"Scotland","id":200},"type":"chat"},{"sender":{"country":"wd","medals":[16,68,79,7,93,68,126,102,68,68,72,123,68,68,68,68,15,68,27,75,147,68,68,68,68,40,157,69,68],"zones":[73080,559347,559348,656212,559351],"pointsPerHour":7,"points":11484,"blocktime":1410,"taken":21465,"name":"Tomppa","totalPoints":8986462,"rank":54,"id":136362,"place":2505,"uniqueZonesTaken":1280,"region":{"name":"Spain","id":211}},"time":"2025-02-18T13:15:51+0000","message":"Corellian: Moi, en ollut huomannut tätä. Yritin tulla moikkaamaan toissa päivänä, mutta katosit.","region":{"name":"Spain","id":211},"type":"chat"},{"medal":151,"time":"2025-02-18T13:14:42+0000","type":"medal","user":{"country":"se","medals":[93,51,92,100,86,151],"zones":[672570,105811,465796],"pointsPerHour":0,"points":10827,"blocktime":750,"taken":54,"name":"Henkster","totalPoints":17086,"rank":10,"id":443317,"place":5942,"uniqueZonesTaken":39,"region":{"name":"Skåne","id":135}}}]