[{"sender":{"country":"se","medals":[79,4,28,47,7,16,57,122,117,70,15,24,99,77,130,104,40,156],"zones":[517446,8417,479940,94212,154983,165162,122473,465870,22794,117744,154291,476437,119698,20758,20759,45047,684593,176318,25182],"pointsPerHour":42,"points":58920,"blocktime":1335,"taken":24412,"name":"MrMcFox","totalPoints":4671395,"rank":49,"id":159564,"place":471,"uniqueZonesTaken":1300,"region":{"name":"Stockholm","id":141}},"time":"2025-01-20T17:30:47+0000","message":"Spikbebis75: bara en  👻-turfare kan stå i vägen nu. Heja 👋","region":{"name":"Stockholm","id":141},"type":"chat"},{"medal":132,"time":"2025-01-20T17:21:18+0000","type":"medal","user":{"country":"se","medals":[77,16,126,122,22,5,70,56,79,48,72,24,4,17,116,15,24,107,66,24,155,73,132],"zones":[26528,107747,8158,12382],"pointsPerHour":0,"points":19941,"blocktime":1350,"taken":31881,"name":"Forestrush","totalPoints":5267829,"rank":50,"id":271444,"place":5689,"uniqueZonesTaken":1474,"region":{"name":"Östergötland","id":139}}}]