[{"medal":36,"time":"2025-02-24T16:36:28+0000","type":"medal","user":{"country":"se","medals":[51,127,94,11,101,152,36],"zones":[485,11657,7258,63691],"pointsPerHour":0,"points":20738,"blocktime":18,"taken":5000,"name":"J32BLansen","totalPoints":488192,"rank":33,"id":385160,"place":6275,"uniqueZonesTaken":95,"region":{"name":"Västmanland","id":143}}},{"medal":85,"time":"2025-02-24T16:33:26+0000","type":"medal","user":{"country":"gb","medals":[80,85],"zones":[718340],"pointsPerHour":0,"points":2272,"blocktime":11,"taken":10,"name":"Lakes","totalPoints":2272,"rank":5,"id":443778,"place":6275,"uniqueZonesTaken":9,"region":{"name":"North West England","id":201}}},{"sender":{"country":"uk","medals":[78,90,6,16,127,34,104,14,94,56,154,5,70],"zones":[340549,557001,554507,338822,557005,340544,374272,557006,340547,338824,556998,340565,340567,340566,650645,340568,340967,374246,138278,14121,374249,571557,340971,374251,374250,481269,340543],"pointsPerHour":29,"points":33726,"blocktime":18,"taken":2069,"name":"Annie9jobs","totalPoints":703261,"rank":35,"id":400155,"place":1515,"uniqueZonesTaken":763,"region":{"name":"Scotland","id":200}},"time":"2025-02-24T16:33:26+0000","message":"OkOkwhatsnext: 👋","region":{"name":"North East England","id":199},"type":"chat"}]