[{"sender":{"country":"se","medals":[5,67,16,27,77,79,70,28,117,47,22,15,57,123,126,97,24,104,24,131,89,156],"zones":[41697,601419,47427,28196,47429,21352,111149,24272,2417,154065,2420,225109,61495,128667,95642,105052,47423,41695],"pointsPerHour":93,"points":61923,"blocktime":24,"taken":58118,"name":"Jopt","totalPoints":14092558,"rank":57,"id":146507,"place":534,"uniqueZonesTaken":1963,"region":{"name":"Stockholm","id":141}},"time":"2025-02-18T12:13:49+0000","message":"acinom66: absolut 😀","region":{"name":"Stockholm","id":141},"type":"chat"},{"sender":{"country":"se","medals":[16,66,5,67,27,47,26,4,56,77,99,28,117,50,79,122,126,107,128,155,162,73],"zones":[1121,108980,29534],"pointsPerHour":12,"points":34230,"blocktime":22,"taken":30631,"name":"acinom66","totalPoints":6156417,"rank":51,"id":32394,"place":1122,"uniqueZonesTaken":4533,"region":{"name":"Stockholm","id":141}},"time":"2025-02-18T12:12:32+0000","message":"Jopt: ett friskhetstecken 😃","region":{"name":"Stockholm","id":141},"type":"chat"},{"medal":14,"time":"2025-02-18T12:11:08+0000","type":"medal","user":{"country":"se","medals":[28,46,55,79,77,122,93,34,152,16,6,14],"zones":[99858,320865,577412,24476,24477],"pointsPerHour":0,"points":18312,"blocktime":17,"taken":1755,"name":"Casspe","totalPoints":374107,"rank":31,"id":173119,"place":5931,"uniqueZonesTaken":500,"region":{"name":"Skåne","id":135}}}]