[{"medal":32,"time":"2025-02-17T11:30:40+0000","type":"medal","user":{"country":"se","medals":[90,151,55,11,32],"zones":[17378,17379,17383,718306,477564],"pointsPerHour":0,"points":910,"blocktime":13,"taken":100,"name":"Nicolas_ghelli","totalPoints":23624,"rank":12,"id":428856,"place":5886,"uniqueZonesTaken":56,"region":{"name":"Västra Götaland","id":132}}},{"medal":94,"time":"2025-02-17T11:21:31+0000","type":"medal","user":{"country":"se","medals":[51,92,90,86,94],"zones":[317493,468790,2289,30347,319529,319530],"pointsPerHour":0,"points":7704,"blocktime":12,"taken":63,"name":"Niffler","totalPoints":13116,"rank":9,"id":443469,"place":5885,"uniqueZonesTaken":48,"region":{"name":"Östergötland","id":139}}}]