[{"medal":80,"time":"2025-01-07T12:34:20+0000","type":"medal","user":{"country":"se","medals":[80,84],"zones":[7906,29145,2283,95725,591],"pointsPerHour":0,"points":658,"blocktime":630,"taken":5,"name":"Alvin_08","totalPoints":658,"rank":2,"id":437992,"place":4253,"uniqueZonesTaken":5,"region":{"name":"Jönköping","id":133}}},{"medal":84,"time":"2025-01-07T12:34:20+0000","type":"medal","user":{"country":"se","medals":[80,84],"zones":[7906,29145,2283,95725,591],"pointsPerHour":0,"points":658,"blocktime":630,"taken":5,"name":"Alvin_08","totalPoints":658,"rank":2,"id":437992,"place":4253,"uniqueZonesTaken":5,"region":{"name":"Jönköping","id":133}}},{"medal":80,"time":"2025-01-07T12:32:42+0000","type":"medal","user":{"country":"se","medals":[80,84],"zones":[770,8066,12471,33452,2285],"pointsPerHour":0,"points":777,"blocktime":645,"taken":5,"name":"Knutsson13","totalPoints":777,"rank":3,"id":437976,"place":4253,"uniqueZonesTaken":5,"region":{"name":"Jönköping","id":133}}},{"medal":84,"time":"2025-01-07T12:32:42+0000","type":"medal","user":{"country":"se","medals":[80,84],"zones":[770,8066,12471,33452,2285],"pointsPerHour":0,"points":777,"blocktime":645,"taken":5,"name":"Knutsson13","totalPoints":777,"rank":3,"id":437976,"place":4253,"uniqueZonesTaken":5,"region":{"name":"Jönköping","id":133}}}]