[{"sender":{"country":"uk","medals":[93,79,127,16,14,103,35,7,57,155],"zones":[351367,411218,476627,411219,484434,351363,368595,15158,389852,484413],"pointsPerHour":11,"points":3273,"blocktime":1215,"taken":3414,"name":"Oneman&hisdog","totalPoints":1540271,"rank":41,"id":314298,"place":1589,"uniqueZonesTaken":647,"region":{"name":"Scotland","id":200}},"time":"2025-01-07T16:00:23+0000","message":"Fergie: 😂","region":{"name":"Scotland","id":200},"type":"chat"},{"medal":51,"time":"2025-01-07T15:46:31+0000","type":"medal","user":{"country":"se","medals":[92,31,51,90],"zones":[30256,655866,11857,62258,1844,651437,318348,30252,138863,15118],"pointsPerHour":0,"points":2700,"blocktime":690,"taken":29,"name":"Peetraa88","totalPoints":4733,"rank":6,"id":442865,"place":4335,"uniqueZonesTaken":19,"region":{"name":"Skåne","id":135}}},{"medal":90,"time":"2025-01-07T15:46:31+0000","type":"medal","user":{"country":"se","medals":[92,31,51,90],"zones":[30256,655866,11857,62258,1844,651437,318348,30252,138863,15118],"pointsPerHour":0,"points":2700,"blocktime":690,"taken":29,"name":"Peetraa88","totalPoints":4733,"rank":6,"id":442865,"place":4335,"uniqueZonesTaken":19,"region":{"name":"Skåne","id":135}}}]