[{"sender":{"country":"uk","medals":[79,16,27,122,68,14,47,7,68,68,68,68,68,77,68,146,156,68,68,72,68,38,68,68,68,68,68,68],"zones":[25137,479733,25138,364672,359168,476015,25135],"pointsPerHour":7,"points":1719,"blocktime":23,"taken":13611,"name":"Yorkshire","totalPoints":8324809,"rank":54,"id":303173,"place":2328,"uniqueZonesTaken":972,"region":{"name":"Yorkshire & The Humber","id":202}},"time":"2025-02-04T11:33:23+0000","message":"Nicos - spotted you at Wakefield station","region":{"name":"Yorkshire & The Humber","id":202},"type":"chat"}]