[{"medal":80,"time":"2025-02-17T16:40:18+0000","type":"medal","user":{"country":"se","medals":[84,80],"zones":[161474,161473,176726,95558,193996],"pointsPerHour":0,"points":1195,"blocktime":645,"taken":6,"name":"DrUggla","totalPoints":1195,"rank":3,"id":443987,"place":5904,"uniqueZonesTaken":5,"region":{"name":"Skåne","id":135}}},{"medal":155,"time":"2025-02-17T16:37:43+0000","type":"medal","user":{"country":"se","medals":[5,28,9,24,22,48,67,16,1,17,61,4,68,70,59,27,77,79,95,103,66,127,88,50,155],"zones":[427462,85760,488774,668937,55235,24073,24074,24075,22027,516424,512022,224278,15575,112538,23323,95456,108971,236,11116,108975,47598,37742,47599,22704,134263,319294,22714,462716,565943],"pointsPerHour":0,"points":100091,"blocktime":1365,"taken":44117,"name":"Scalextric","totalPoints":6482110,"rank":51,"id":47676,"place":5904,"uniqueZonesTaken":2560,"region":{"name":"Stockholm","id":141}}},{"medal":84,"time":"2025-02-17T16:37:19+0000","type":"medal","user":{"country":"se","medals":[84],"zones":[161474,161473,176726,95558],"pointsPerHour":0,"points":1010,"blocktime":645,"taken":5,"name":"DrUggla","totalPoints":1010,"rank":3,"id":443987,"place":5904,"uniqueZonesTaken":4,"region":{"name":"Skåne","id":135}}},{"medal":85,"time":"2025-02-17T16:33:25+0000","type":"medal","user":{"country":"se","medals":[80,85],"zones":[317991,47747,38244,38246,43158,7256,318047,319451],"pointsPerHour":0,"points":1879,"blocktime":660,"taken":10,"name":"GLACE-AU-FOUR","totalPoints":1879,"rank":4,"id":444032,"place":5904,"uniqueZonesTaken":10,"region":{"name":"Västmanland","id":143}}}]