[{"sender":{"country":"se","medals":[16,67,24,9,21,58,68,70,24,24,24,72,24,75,24,17,24,77,113,24,24,79,117,66,24,50,24,24,4,24,126,83,124,24,115,17,24,24,24,132,89,24,17,24,49,110,24,24,155,24,162,24],"zones":[46352,27914,126255],"pointsPerHour":18,"points":31350,"blocktime":1395,"taken":65260,"name":"inda7","totalPoints":7780168,"rank":53,"id":61103,"place":1163,"uniqueZonesTaken":3762,"region":{"name":"Västerbotten","id":127}},"time":"2025-02-17T16:25:33+0000","message":"LeiLar: Jag är enig med @surulla","region":{"name":"Västerbotten","id":127},"type":"chat"},{"medal":33,"time":"2025-02-17T16:20:58+0000","type":"medal","user":{"country":"se","medals":[94,151,90,4,11,102,52,33],"zones":[156451,680769,578996],"pointsPerHour":0,"points":4522,"blocktime":900,"taken":500,"name":"Kubica","totalPoints":112321,"rank":20,"id":419973,"place":5904,"uniqueZonesTaken":80,"region":{"name":"Kalmar","id":137}}},{"medal":31,"time":"2025-02-17T16:13:03+0000","type":"medal","user":{"country":"se","medals":[51,92,31],"zones":[332177,31723,2990,95662],"pointsPerHour":0,"points":6473,"blocktime":705,"taken":25,"name":"Lotisia","totalPoints":6473,"rank":7,"id":443631,"place":5904,"uniqueZonesTaken":18,"region":{"name":"Kalmar","id":137}}}]