[{"medal":101,"time":"2025-02-17T16:46:51+0000","type":"medal","user":{"country":"se","medals":[93,92,85,101],"zones":[642669],"pointsPerHour":0,"points":4803,"blocktime":690,"taken":27,"name":"mammamu63","totalPoints":4803,"rank":6,"id":444018,"place":5905,"uniqueZonesTaken":27,"region":{"name":"Uppsala","id":142}}},{"medal":84,"time":"2025-02-17T16:44:51+0000","type":"medal","user":{"country":"uk","medals":[93,84],"zones":[720793],"pointsPerHour":0,"points":370,"blocktime":645,"taken":5,"name":"Phoebster","totalPoints":1063,"rank":3,"id":443457,"place":5905,"uniqueZonesTaken":4,"region":{"name":"Scotland","id":200}}}]