[{"medal":80,"time":"2025-01-14T12:52:51+0000","type":"medal","user":{"country":"se","medals":[93,84,80],"zones":[4720,17266,2853,28950,26825],"pointsPerHour":0,"points":1110,"blocktime":10,"taken":6,"name":"David908","totalPoints":1110,"rank":3,"id":443250,"place":5296,"uniqueZonesTaken":6,"region":{"name":"Västernorrland","id":145}}},{"medal":100,"time":"2025-01-14T12:52:51+0000","type":"medal","user":{"country":"se","medals":[53,152,33,7,13,93,100],"zones":[1520,154787,210530,152321,42723,32741,204148,606241,410493],"pointsPerHour":0,"points":12036,"blocktime":17,"taken":884,"name":"Adelheid","totalPoints":259822,"rank":28,"id":413840,"place":5296,"uniqueZonesTaken":273,"region":{"name":"Västernorrland","id":145}}},{"medal":93,"time":"2025-01-14T12:52:35+0000","type":"medal","user":{"country":"se","medals":[84,93],"zones":[],"pointsPerHour":0,"points":185,"blocktime":11,"taken":6,"name":"Noah.L","totalPoints":1937,"rank":5,"id":441490,"place":5296,"uniqueZonesTaken":6,"region":{"name":"Västra Götaland","id":132}}},{"medal":84,"time":"2025-01-14T12:49:54+0000","type":"medal","user":{"country":"se","medals":[93,84],"zones":[4720,17266,2853,28950],"pointsPerHour":0,"points":925,"blocktime":10,"taken":5,"name":"David908","totalPoints":925,"rank":3,"id":443250,"place":5294,"uniqueZonesTaken":5,"region":{"name":"Västernorrland","id":145}}},{"medal":84,"time":"2025-01-14T12:44:43+0000","type":"medal","user":{"country":"dk","medals":[84],"zones":[5472,5466,559476,559477],"pointsPerHour":0,"points":931,"blocktime":10,"taken":5,"name":"Bagutte","totalPoints":931,"rank":3,"id":443021,"place":5292,"uniqueZonesTaken":4,"region":{"name":"Midtjylland","id":175}}}]