[{"medal":45,"time":"2025-01-28T17:56:40+0000","type":"medal","user":{"country":"se","medals":[77,79,16,28,57,47,91,104,122,126,131,26,50,155,24,112,162,89,45],"zones":[9058,57091,31619,9061,68969,46825],"pointsPerHour":0,"points":106288,"blocktime":1425,"taken":51830,"name":"andma313","totalPoints":10343212,"rank":55,"id":137018,"place":6064,"uniqueZonesTaken":2964,"region":{"name":"Västra Götaland","id":132}}},{"medal":51,"time":"2025-01-28T17:55:14+0000","type":"medal","user":{"country":"se","medals":[85,51],"zones":[109472,44098,484,5575,551,31802,7114,63691,558774,11630],"pointsPerHour":0,"points":1597,"blocktime":660,"taken":12,"name":"Tugrul","totalPoints":1597,"rank":4,"id":443464,"place":6063,"uniqueZonesTaken":12,"region":{"name":"Västmanland","id":143}}},{"medal":85,"time":"2025-01-28T17:45:47+0000","type":"medal","user":{"country":"se","medals":[80,85],"zones":[109472,44098,5575,551,31802,7114,558774,11630],"pointsPerHour":0,"points":1459,"blocktime":660,"taken":10,"name":"Tugrul","totalPoints":1459,"rank":4,"id":443464,"place":6063,"uniqueZonesTaken":10,"region":{"name":"Västmanland","id":143}}}]