[{"sender":{"country":"uk","medals":[16,79,47,77,22,70,27,124,130,103,28,7,5,117,50,24,114,156,24,163,82,73],"zones":[373381,373380,381191,381190,373889,381187,373379,373891,350082,373378,373890,321549,607360,361998,381193,381192,381195,381194,381205,381204,362007,381207,381206,362001,362000,381203,692765,381208,362021,418726,354494,418887,409152,354499,409153,418892,418893,418890,418891,418888,418889,361942,373877,373876,373879,373878,373885,373886,373881,373880,373883],"pointsPerHour":67,"points":123014,"blocktime":1410,"taken":30819,"name":"Tandem","totalPoints":9214288,"rank":54,"id":303714,"place":254,"uniqueZonesTaken":3823,"region":{"name":"Scotland","id":200}},"time":"2025-01-28T08:38:06+0000","message":"greasedweasel: er, no - except Pegasus","region":{"name":"Scotland","id":200},"type":"chat"},{"medal":101,"time":"2025-01-28T08:35:45+0000","type":"medal","user":{"country":"se","medals":[97,92,31,80,101],"zones":[],"pointsPerHour":0,"points":620,"blocktime":705,"taken":42,"name":"Bond007","totalPoints":6558,"rank":7,"id":413741,"place":6035,"uniqueZonesTaken":24,"region":{"name":"Kalmar","id":137}}},{"medal":101,"time":"2025-01-28T08:35:45+0000","type":"medal","user":{"country":"se","medals":[92,80,86,97,101],"zones":[],"pointsPerHour":0,"points":620,"blocktime":720,"taken":73,"name":"NybroVikings21","totalPoints":11408,"rank":8,"id":413384,"place":6035,"uniqueZonesTaken":26,"region":{"name":"Kalmar","id":137}}},{"medal":100,"time":"2025-01-28T08:35:45+0000","type":"medal","user":{"country":"se","medals":[97,100],"zones":[],"pointsPerHour":0,"points":620,"blocktime":645,"taken":5,"name":"flurina","totalPoints":775,"rank":3,"id":413637,"place":6035,"uniqueZonesTaken":5,"region":{"name":"Kalmar","id":137}}},{"sender":{"country":"se","medals":[97],"zones":[],"pointsPerHour":0,"points":465,"blocktime":630,"taken":4,"name":"flurina","totalPoints":620,"rank":2,"id":413637,"place":5458,"uniqueZonesTaken":4,"region":{"name":"Kalmar","id":137}},"time":"2025-01-28T08:32:07+0000","message":"Roligt","region":{"name":"Kalmar","id":137},"type":"chat"}]