[{"medal":84,"time":"2025-02-11T08:19:32+0000","type":"medal","user":{"country":"se","medals":[84],"zones":[390,634,413,398],"pointsPerHour":0,"points":465,"blocktime":10,"taken":5,"name":"f4nny","totalPoints":465,"rank":2,"id":443839,"place":5438,"uniqueZonesTaken":5,"region":{"name":"Skåne","id":135}}},{"medal":84,"time":"2025-02-11T08:16:54+0000","type":"medal","user":{"country":"se","medals":[84],"zones":[513,27827,64965,523],"pointsPerHour":0,"points":509,"blocktime":10,"taken":5,"name":"Louisegr","totalPoints":509,"rank":2,"id":443835,"place":5438,"uniqueZonesTaken":5,"region":{"name":"Skåne","id":135}}}]