[{"medal":152,"time":"2025-02-10T06:17:52+0000","type":"medal","user":{"country":"se","medals":[94,100,127,42,12,53,152],"zones":[179843,8099,44259,8100,669932,8102,8103,80589,687110,1266,559569,449370],"pointsPerHour":0,"points":25065,"blocktime":13,"taken":285,"name":"MakP","totalPoints":48378,"rank":15,"id":443180,"place":5352,"uniqueZonesTaken":109,"region":{"name":"Jämtland","id":128}}},{"medal":32,"time":"2025-02-10T04:33:57+0000","type":"medal","user":{"country":"fi","medals":[53,92,32],"zones":[9795,9781,56154,56157],"pointsPerHour":0,"points":903,"blocktime":13,"taken":100,"name":"Ratiomies","totalPoints":49734,"rank":15,"id":131929,"place":5349,"uniqueZonesTaken":44,"region":{"name":"Pohjois-Suomi","id":188}}}]