[{"sender":{"country":"se","medals":[22,67,4,5,47,10,16,24,24,9,24,24,79,77,26,91,30,24,17,116,45,57,126,123,108,131,74,153,89,163],"zones":[136162,63744,62304,7767,26107,31453,31071],"pointsPerHour":39,"points":16228,"blocktime":1395,"taken":52343,"name":"Pharmis","totalPoints":7790824,"rank":53,"id":57013,"place":2480,"uniqueZonesTaken":5505,"region":{"name":"Västmanland","id":143}},"time":"2025-02-24T12:29:33+0000","message":"CRUSAIDER: 👍😉","region":{"name":"Västmanland","id":143},"type":"chat"},{"medal":100,"time":"2025-02-24T12:25:51+0000","type":"medal","user":{"country":"se","medals":[28,12,93,54,151,34,78,100],"zones":[5428,44718],"pointsPerHour":0,"points":315,"blocktime":960,"taken":1154,"name":"mazoo","totalPoints":171864,"rank":24,"id":358205,"place":6258,"uniqueZonesTaken":177,"region":{"name":"Västmanland","id":143}}},{"medal":84,"time":"2025-02-24T12:25:51+0000","type":"medal","user":{"country":"se","medals":[93,84],"zones":[7259],"pointsPerHour":0,"points":315,"blocktime":645,"taken":7,"name":"Husky14","totalPoints":751,"rank":3,"id":425567,"place":6258,"uniqueZonesTaken":6,"region":{"name":"Västmanland","id":143}}},{"sender":{"country":"se","medals":[70,67,77,16,83,79,72,75,68,24,17,116,22,68,4,126,124,24,108,50,132,91,147,119,162,157],"zones":[44096,94912,10947,707,708,10948,5574,714,716,63692,17550,2255,97297,31440,31441,31442,56147,56148,31444,7764,7765,7766,33368,7768,3032,33369,34269,31072,31073,22755,31979,12012,31789,12013,21358,20847,32111,31475,29171,8310,281714,29174,483772,602420,359096,125311],"pointsPerHour":229,"points":191875,"blocktime":1470,"taken":115254,"name":"CRUSAIDER","totalPoints":16775187,"rank":58,"id":168025,"place":125,"uniqueZonesTaken":4252,"region":{"name":"Västmanland","id":143}},"time":"2025-02-24T12:25:16+0000","message":"Pharmis: tack själv,gå försiktig","region":{"name":"Västmanland","id":143},"type":"chat"}]