[{"country":"se","sender":{"country":"se","medals":[4,10,16,12,42,46,55,151,93],"zones":[],"pointsPerHour":0,"points":0,"blocktime":900,"taken":349,"name":"Mawrik","totalPoints":102253,"rank":20,"id":322340,"place":5709,"uniqueZonesTaken":159},"time":"2025-01-21T10:23:27+0000","message":"Jeeeeoooeeeoozzeerroollluuu","type":"chat"},{"medal":6,"time":"2025-01-21T10:13:04+0000","type":"medal","user":{"country":"se","medals":[28,47,93,56,155,122,127,14,16,79,67,100,36,6],"zones":[559345],"pointsPerHour":0,"points":46384,"blocktime":1170,"taken":5494,"name":"nighthunter68","totalPoints":1039400,"rank":38,"id":418440,"place":5709,"uniqueZonesTaken":719,"region":{"name":"Stockholm","id":141}}}]