[{"sender":{"country":"se","medals":[22,67,4,5,47,10,16,24,24,9,24,24,79,77,26,91,30,24,17,116,45,57,126,123,108,131,74,153,89,163],"zones":[136162,63744,62304,7767,26107,31453,31071],"pointsPerHour":39,"points":16228,"blocktime":1395,"taken":52343,"name":"Pharmis","totalPoints":7790824,"rank":53,"id":57013,"place":2480,"uniqueZonesTaken":5505,"region":{"name":"Västmanland","id":143}},"time":"2025-02-24T12:29:33+0000","message":"CRUSAIDER: 👍😉","region":{"name":"Västmanland","id":143},"type":"chat"}]