[{"medal":51,"time":"2025-01-07T11:35:49+0000","type":"medal","user":{"country":"se","medals":[93,100,92,31,51],"zones":[20913,20914,444661,20915,96229,20916,70085,20917,90118,178252],"pointsPerHour":0,"points":3825,"blocktime":11,"taken":42,"name":"Turferine","totalPoints":7972,"rank":7,"id":443063,"place":4227,"uniqueZonesTaken":33,"region":{"name":"Östergötland","id":139}}},{"sender":{"country":"se","medals":[28,67,5,16,98,4,14,66,79,47,56,153,36,104],"zones":[137536,96211,29226,940,22349,22350],"pointsPerHour":26,"points":2976,"blocktime":19,"taken":5164,"name":"MapMupp","totalPoints":1079263,"rank":38,"id":72990,"place":1569,"uniqueZonesTaken":817,"region":{"name":"Kalmar","id":137}},"time":"2025-01-07T11:30:59+0000","message":"annaviljan:Tar ni mina zoner nu😉","region":{"name":"Kalmar","id":137},"type":"chat"}]