[{"medal":14,"time":"2025-01-07T11:30:37+0000","type":"medal","user":{"country":"uk","medals":[127,55,90,46,102,94,151,34,7,14],"zones":[138386,346525,346527],"pointsPerHour":0,"points":675,"blocktime":17,"taken":1114,"name":"ScubaPuffin","totalPoints":369171,"rank":31,"id":384955,"place":4221,"uniqueZonesTaken":500,"region":{"name":"Scotland","id":200}}},{"sender":{"country":"uk","medals":[77,70,5,79,67,93,100,16,57,122,72,47,127,6,15,154,37,27],"zones":[320672,320673,361941,320660,400343,400341,320656,361937,320657,320659,320670,320671,320666,320667,478008],"pointsPerHour":31,"points":3740,"blocktime":20,"taken":8587,"name":"TheInquisitor","totalPoints":2254962,"rank":43,"id":303322,"place":1292,"uniqueZonesTaken":1135,"region":{"name":"Scotland","id":200}},"time":"2025-01-07T11:23:35+0000","message":"Tandem: the new bit of path the wardens did at bottom of dean wood has got partly washed away when the burn burst it's banks","region":{"name":"Scotland","id":200},"type":"chat"}]