[{"sender":{"country":"se","medals":[95,127,79,57,122,16,48,14,156,72,38,107],"zones":[477414,89280,10403,11446,407,62136,11849,28026,27982,43071],"pointsPerHour":54,"points":6296,"blocktime":1260,"taken":14486,"name":"jösses..då","totalPoints":2397717,"rank":44,"id":414549,"place":646,"uniqueZonesTaken":728,"region":{"name":"Västra Götaland","id":132}},"time":"2025-02-03T14:26:43+0000","message":"KaptenRc4: nej.men inte förvånad","region":{"name":"Västra Götaland","id":132},"type":"chat"},{"sender":{"country":"se","medals":[70,77,79,16,67,4,22,59,72,83,48,91,102,24,99,123,126,27,68,127,120,155,88,163],"zones":[105298,387,69010,374,62134,361],"pointsPerHour":52,"points":7252,"blocktime":1410,"taken":41780,"name":"KaptenRc4","totalPoints":8483308,"rank":54,"id":140655,"place":546,"uniqueZonesTaken":7855,"region":{"name":"Skåne","id":135}},"time":"2025-02-03T14:11:11+0000","message":"jösses..då: Bitter much?","region":{"name":"Västra Götaland","id":132},"type":"chat"}]