[{"medal":85,"time":"2025-02-04T16:52:54+0000","type":"medal","user":{"country":"se","medals":[95,100,85],"zones":[652764,11979,224056,142590],"pointsPerHour":0,"points":975,"blocktime":675,"taken":10,"name":"HöganäsJempa","totalPoints":2087,"rank":5,"id":443625,"place":4461,"uniqueZonesTaken":7,"region":{"name":"Skåne","id":135}}},{"medal":80,"time":"2025-02-04T16:51:32+0000","type":"medal","user":{"country":"se","medals":[80,84],"zones":[200195,684794,432033,222173,2991],"pointsPerHour":0,"points":1005,"blocktime":645,"taken":5,"name":"Lotisia","totalPoints":1005,"rank":3,"id":443631,"place":4461,"uniqueZonesTaken":5,"region":{"name":"Kalmar","id":137}}},{"medal":84,"time":"2025-02-04T16:51:32+0000","type":"medal","user":{"country":"se","medals":[80,84],"zones":[200195,684794,432033,222173,2991],"pointsPerHour":0,"points":1005,"blocktime":645,"taken":5,"name":"Lotisia","totalPoints":1005,"rank":3,"id":443631,"place":4461,"uniqueZonesTaken":5,"region":{"name":"Kalmar","id":137}}},{"sender":{"country":"uk","medals":[16,79,77,47,27,67,131,72,124,117,70,5,21,60,65,99,24,156,24,91,25,74,163,41,105],"zones":[316644,316645,316646,486049,316643,20495,476471,352821,319540,319541,21617,319542,352817,319538,21718,319539,340093,350303,476476,547572],"pointsPerHour":35,"points":7297,"blocktime":1410,"taken":28964,"name":"HappyHibby","totalPoints":8228142,"rank":54,"id":353247,"place":932,"uniqueZonesTaken":5545,"region":{"name":"Scotland","id":200}},"time":"2025-02-04T16:48:33+0000","message":"JammyDognut: just heading to swanstonand home if that suits","region":{"name":"Scotland","id":200},"type":"chat"}]