[{"medal":100,"time":"2025-01-14T12:38:05+0000","type":"medal","user":{"country":"se","medals":[94,84,100],"zones":[63921,5444],"pointsPerHour":0,"points":1280,"blocktime":660,"taken":7,"name":"Liam132","totalPoints":1280,"rank":4,"id":443253,"place":5292,"uniqueZonesTaken":7,"region":{"name":"Västernorrland","id":145}}},{"medal":84,"time":"2025-01-14T12:38:05+0000","type":"medal","user":{"country":"se","medals":[94,100,84],"zones":[63922],"pointsPerHour":0,"points":1280,"blocktime":660,"taken":7,"name":"Khalifa1","totalPoints":1280,"rank":4,"id":443248,"place":5292,"uniqueZonesTaken":7,"region":{"name":"Västernorrland","id":145}}},{"medal":100,"time":"2025-01-14T12:36:40+0000","type":"medal","user":{"country":"se","medals":[94,100],"zones":[],"pointsPerHour":0,"points":925,"blocktime":645,"taken":5,"name":"Jonnyponny","totalPoints":925,"rank":3,"id":443252,"place":5292,"uniqueZonesTaken":5,"region":{"name":"Västernorrland","id":145}}},{"medal":84,"time":"2025-01-14T12:36:40+0000","type":"medal","user":{"country":"se","medals":[94,84],"zones":[17268,2855,718802,64105],"pointsPerHour":0,"points":925,"blocktime":645,"taken":5,"name":"Johnnyssenap","totalPoints":925,"rank":3,"id":443254,"place":5292,"uniqueZonesTaken":5,"region":{"name":"Västernorrland","id":145}}},{"medal":127,"time":"2025-01-14T12:35:48+0000","type":"medal","user":{"country":"se","medals":[12,34,57,153,127],"zones":[12128,185313,965,47788,204846,4497,8501,35930,221176,565140,8252,12127],"pointsPerHour":0,"points":22001,"blocktime":1065,"taken":1329,"name":"Lugnet22","totalPoints":401915,"rank":31,"id":373728,"place":5292,"uniqueZonesTaken":168,"region":{"name":"Stockholm","id":141}}},{"medal":100,"time":"2025-01-14T12:34:21+0000","type":"medal","user":{"country":"se","medals":[94,100],"zones":[2853],"pointsPerHour":0,"points":1095,"blocktime":645,"taken":6,"name":"Khalifa1","totalPoints":1095,"rank":3,"id":443248,"place":5292,"uniqueZonesTaken":6,"region":{"name":"Västernorrland","id":145}}},{"medal":84,"time":"2025-01-14T12:34:21+0000","type":"medal","user":{"country":"se","medals":[94,84],"zones":[63921,5444],"pointsPerHour":0,"points":1095,"blocktime":645,"taken":6,"name":"Liam132","totalPoints":1095,"rank":3,"id":443253,"place":5292,"uniqueZonesTaken":6,"region":{"name":"Västernorrland","id":145}}}]