[{"medal":151,"time":"2025-02-25T20:49:53+0000","type":"medal","user":{"country":"no","medals":[86,11,52,151],"zones":[36801,607178,567232,23435,9548,567237,607175,567239,8723,8724,8725,8726,9366,8727,139871,567658,427170,8554,8555,8556,8558,8559,8560,8692,103097,8568,8828,8829,8510],"pointsPerHour":0,"points":10179,"blocktime":13,"taken":83,"name":"puffin44","totalPoints":32638,"rank":13,"id":397796,"place":6319,"uniqueZonesTaken":63,"region":{"name":"Vestlandet","id":181}}},{"medal":85,"time":"2025-02-25T20:43:03+0000","type":"medal","user":{"country":"gb","medals":[51,85],"zones":[14689,371287,15157,14693,318156,321020,321021,318152,318154,318155],"pointsPerHour":0,"points":1744,"blocktime":11,"taken":10,"name":"SFGO","totalPoints":1744,"rank":4,"id":444136,"place":6319,"uniqueZonesTaken":10,"region":{"name":"Scotland","id":200}}},{"medal":51,"time":"2025-02-25T20:43:03+0000","type":"medal","user":{"country":"gb","medals":[51,85],"zones":[14689,371287,15157,14693,318156,321020,321021,318152,318154,318155],"pointsPerHour":0,"points":1744,"blocktime":11,"taken":10,"name":"SFGO","totalPoints":1744,"rank":4,"id":444136,"place":6319,"uniqueZonesTaken":10,"region":{"name":"Scotland","id":200}}}]