[{"medal":93,"time":"2025-01-21T15:02:57+0000","type":"medal","user":{"country":"se","medals":[93],"zones":[8304],"pointsPerHour":0,"points":190,"blocktime":600,"taken":2,"name":"Amiral","totalPoints":190,"rank":0,"id":443369,"place":5730,"uniqueZonesTaken":2,"region":{"name":"Stockholm","id":141}}},{"sender":{"country":"se","medals":[16,72,83,67,21,70,57,77,6,117,4,27,126,123,15,119,17,116,132,75,143,79,157],"zones":[9730,115399,1222,650433,2442,2443,25996,55629,2830,2831,54289,45721,45722,45723,27941,297057,94953,509486,657574,18034,18039,455921,23994,115197,578998],"pointsPerHour":126,"points":172800,"blocktime":1470,"taken":163836,"name":"Espingen","totalPoints":23360791,"rank":58,"id":166882,"place":58,"uniqueZonesTaken":1258,"region":{"name":"Kalmar","id":137}},"time":"2025-01-21T15:01:44+0000","message":"Frodovic: är du på väg ut?","region":{"name":"Kalmar","id":137},"type":"chat"},{"medal":93,"time":"2025-01-21T14:59:37+0000","type":"medal","user":{"country":"se","medals":[93],"zones":[],"pointsPerHour":0,"points":95,"blocktime":600,"taken":1,"name":"leowilliam","totalPoints":95,"rank":0,"id":443392,"place":5729,"uniqueZonesTaken":1,"region":{"name":"Stockholm","id":141}}},{"sender":{"country":"se","medals":[67,5,16,21,70,28,47,99,24,79,91,58,25,123,4,126,125,24,24,49,17,105,30,26,24,24,74,45,155,27,163,88,128],"zones":[141571,139459,31877,203785,33803,719236,429320,31888,31890,31893,31896,488413,90976,485093,152359,3045,152357,7656,152361,718523,519538,11255,47864,176763,47865,21882,47866,220856,21883,602293,21886,35903,515896],"pointsPerHour":55,"points":59812,"blocktime":1410,"taken":42166,"name":"JonasfromHell","totalPoints":8790594,"rank":54,"id":72077,"place":503,"uniqueZonesTaken":6406,"region":{"name":"Stockholm","id":141}},"time":"2025-01-21T14:47:31+0000","message":"H3nkm4n: Alltid lika kul 🤭","region":{"name":"Stockholm","id":141},"type":"chat"}]