[{"sender":{"country":"se","medals":[67,16,70,4,79,77,98,27,22,28,83,47,57,24,107,117,126,122,63,132,26,155,91,50,30,87,163],"zones":[217926,21423],"pointsPerHour":14,"points":15130,"blocktime":1365,"taken":37084,"name":"Reprobus","totalPoints":6137374,"rank":51,"id":166965,"place":1359,"uniqueZonesTaken":2701,"region":{"name":"Örebro","id":131}},"time":"2025-02-10T16:02:26+0000","message":"Dr.PaPPa: Såg det först nu, men nej. Jag är på väg mot Norr.","region":{"name":"Örebro","id":131},"type":"chat"},{"medal":85,"time":"2025-02-10T15:58:41+0000","type":"medal","user":{"country":"se","medals":[85],"zones":[115476],"pointsPerHour":0,"points":1249,"blocktime":660,"taken":10,"name":"ugglan7","totalPoints":1249,"rank":4,"id":443634,"place":5408,"uniqueZonesTaken":3,"region":{"name":"Stockholm","id":141}}},{"sender":{"country":"se","medals":[4,79,77,16,123,28,47,5,126,22,66,24,24,132,30,57,24,155,74,142,17,110,88,163],"zones":[138498,160,161,592716,7430,114057,92299,674048,202,139026,78512,603261,25175,658871,189,318],"pointsPerHour":94,"points":33663,"blocktime":1380,"taken":41126,"name":"Heidi.","totalPoints":6637634,"rank":52,"id":233208,"place":561,"uniqueZonesTaken":5660,"region":{"name":"Stockholm","id":141}},"time":"2025-02-10T15:53:22+0000","message":"Deppen: Tycker jag har missat dig ofta på sistone. Det får vi ändra på. 😍❤️","region":{"name":"Stockholm","id":141},"type":"chat"}]