[{"medal":52,"time":"2025-02-10T20:48:19+0000","type":"medal","user":{"country":"se","medals":[92,31,52],"zones":[1922,1923,8198,1926,49511,1927,719042,49512,19114,49514,49515,49516,348105,49517,24141,553980,484531,645651,190364,38271],"pointsPerHour":0,"points":6417,"blocktime":705,"taken":37,"name":"Muskus72","totalPoints":6417,"rank":7,"id":443815,"place":5425,"uniqueZonesTaken":27,"region":{"name":"Norrbotten","id":126}}},{"sender":{"country":"se","medals":[79,4,77,70,67,14,16,28,21,123,126,83,48,57,117,24,24,112,7,24,132,154,87,107],"zones":[690760,706,7762,24164,9288,24185,7259,19693],"pointsPerHour":53,"points":21763,"blocktime":1320,"taken":37884,"name":"Frökenathena","totalPoints":4477881,"rank":48,"id":240979,"place":1004,"uniqueZonesTaken":981,"region":{"name":"Västmanland","id":143}},"time":"2025-02-10T19:56:35+0000","message":"Ghardar: ska jag vänta?","region":{"name":"Västmanland","id":143},"type":"chat"}]