[{"medal":93,"time":"2025-02-11T13:09:44+0000","type":"medal","user":{"country":"se","medals":[93],"zones":[9755],"pointsPerHour":0,"points":340,"blocktime":615,"taken":2,"name":"Ramp","totalPoints":340,"rank":1,"id":443823,"place":5482,"uniqueZonesTaken":2,"region":{"name":"Västerbotten","id":127}}},{"medal":84,"time":"2025-02-11T13:07:47+0000","type":"medal","user":{"country":"se","medals":[93,84],"zones":[34672,413,19631],"pointsPerHour":0,"points":545,"blocktime":630,"taken":5,"name":"Toa","totalPoints":545,"rank":2,"id":443864,"place":5481,"uniqueZonesTaken":5,"region":{"name":"Skåne","id":135}}},{"medal":103,"time":"2025-02-11T13:01:37+0000","type":"medal","user":{"country":"se","medals":[93,51,151,11,42,6,103],"zones":[],"pointsPerHour":0,"points":4146,"blocktime":840,"taken":324,"name":"Tjo1960","totalPoints":59260,"rank":16,"id":358003,"place":5481,"uniqueZonesTaken":80,"region":{"name":"Värmland","id":130}}}]