[{"sender":{"country":"fi","medals":[47,16,4,28,122,14,6,67,78,95,127,70,77,57,155,38,5,108],"zones":[15584,353124,66119,66118,404910,404911,719171,358543,33610,178473,119469,324457,65967,324458,182610,343092,480115,512336,637429,12479,637430],"pointsPerHour":73,"points":27599,"blocktime":21,"taken":14933,"name":"Heija","totalPoints":2491241,"rank":44,"id":353616,"place":727,"uniqueZonesTaken":952,"region":{"name":"Åland","id":177}},"time":"2025-02-10T15:05:10+0000","message":"Klimke: Sorry, såg nu först 🙈","region":{"name":"Åland","id":177},"type":"chat"},{"sender":{"country":"se","medals":[9,16,62,64,67,28,57,4,17,21,24,48,17,27,113,24,15,79,77,17,17,117,83,113,24,24,24,17,24,24,104,126,24,123,24,17,66,26,132,119,17,155,142,17],"zones":[19328,298528,408067,298529,74404,298530,408065,298540,11880,298536,94604,298538,949,950,26070,1593,953,26073,19321,26074],"pointsPerHour":59,"points":36451,"blocktime":24,"taken":110694,"name":"Snabelanna","totalPoints":15977989,"rank":58,"id":27629,"place":495,"uniqueZonesTaken":2270,"region":{"name":"Kalmar","id":137}},"time":"2025-02-10T15:03:51+0000","message":"Vakentimmar: välkommen igen!","region":{"name":"Kalmar","id":137},"type":"chat"},{"medal":152,"time":"2025-02-10T15:02:54+0000","type":"medal","user":{"country":"se","medals":[54,93,11,32,152],"zones":[122865,651272,515477,55971,2088,92108,56975,318443,601014],"pointsPerHour":0,"points":26179,"blocktime":13,"taken":138,"name":"Zillwa","totalPoints":29267,"rank":13,"id":441826,"place":5404,"uniqueZonesTaken":85,"region":{"name":"Jämtland","id":128}}},{"medal":11,"time":"2025-02-10T15:01:50+0000","type":"medal","user":{"country":"uk","medals":[151,32,52,93,11],"zones":[393573,408240,393566,393560],"pointsPerHour":0,"points":9047,"blocktime":13,"taken":177,"name":"stripes","totalPoints":43707,"rank":14,"id":442154,"place":5404,"uniqueZonesTaken":50,"region":{"name":"Scotland","id":200}}},{"medal":80,"time":"2025-02-10T14:54:48+0000","type":"medal","user":{"country":"se","medals":[93,84,80],"zones":[200133,93238,669968,223193,8906],"pointsPerHour":0,"points":959,"blocktime":10,"taken":7,"name":"Ius","totalPoints":959,"rank":3,"id":443821,"place":5402,"uniqueZonesTaken":6,"region":{"name":"Jämtland","id":128}}}]