[{"medal":154,"time":"2025-02-11T11:01:24+0000","type":"medal","user":{"country":"se","medals":[94,46,103,12,127,33,55,28,154],"zones":[26177,11524,1636,11749,583055,514893,514876,299370],"pointsPerHour":0,"points":75513,"blocktime":15,"taken":683,"name":"mijon","totalPoints":121799,"rank":21,"id":419250,"place":5457,"uniqueZonesTaken":130,"region":{"name":"Gotland","id":138}}},{"medal":31,"time":"2025-02-11T11:01:18+0000","type":"medal","user":{"country":"se","medals":[80,31],"zones":[22739,33099],"pointsPerHour":0,"points":3239,"blocktime":11,"taken":25,"name":"B4j3n","totalPoints":3239,"rank":5,"id":443668,"place":5457,"uniqueZonesTaken":12,"region":{"name":"Stockholm","id":141}}},{"medal":93,"time":"2025-02-11T10:53:42+0000","type":"medal","user":{"country":"se","medals":[33,17,12,24,53,6,93],"zones":[18310],"pointsPerHour":0,"points":190,"blocktime":15,"taken":786,"name":"Conan","totalPoints":116301,"rank":21,"id":7380,"place":5456,"uniqueZonesTaken":166,"region":{"name":"Västmanland","id":143}}}]