[{"medal":42,"time":"2025-02-10T13:56:22+0000","type":"medal","user":{"country":"se","medals":[5,11,152,54,93,42],"zones":[187778,25856,25858,138150,601420,41702,41705,114801,20656,203793,20659,90164,197019,718134,603413,564950],"pointsPerHour":0,"points":8210,"blocktime":14,"taken":250,"name":"-Tappad","totalPoints":54093,"rank":16,"id":442834,"place":5398,"uniqueZonesTaken":90,"region":{"name":"Stockholm","id":141}}},{"sender":{"country":"fi","medals":[95,126,28,5,16,79,47,7,155,40,24,129,77,56,14,106],"zones":[53622,324451],"pointsPerHour":6,"points":13452,"blocktime":22,"taken":24688,"name":"Klimke","totalPoints":4351133,"rank":48,"id":147275,"place":1476,"uniqueZonesTaken":516,"region":{"name":"Åland","id":177}},"time":"2025-02-10T13:51:13+0000","message":"Heija: Kan vänta om du vill ha assist?","region":{"name":"Åland","id":177},"type":"chat"}]