[{"medal":90,"time":"2025-02-15T09:58:12+0000","type":"medal","user":{"country":"uk","medals":[151,79,42,11,52,90],"zones":[358181,319780,486535,486534,358183,486533,515044,358182,486532,358185,358184,486538,319786,486537,358186,486536,358196,563194,358195,358194,559441],"pointsPerHour":0,"points":7901,"blocktime":915,"taken":329,"name":"Haliax","totalPoints":119379,"rank":21,"id":430182,"place":5744,"uniqueZonesTaken":61,"region":{"name":"Scotland","id":200}}},{"sender":{"country":"se","medals":[71,47,16,77,22,70,5,126,97,122,56,67,14,7,131,107,72,155,88],"zones":[28342,17911,159669,28344,28345,81291,672661],"pointsPerHour":28,"points":44475,"blocktime":1380,"taken":42517,"name":"MrSpock","totalPoints":7178542,"rank":52,"id":30998,"place":640,"uniqueZonesTaken":741,"region":{"name":"Skåne","id":135}},"time":"2025-02-15T09:56:12+0000","message":"IndoorsyHermit: 😄😄😄","region":{"name":"Skåne","id":135},"type":"chat"},{"medal":101,"time":"2025-02-15T09:50:53+0000","type":"medal","user":{"country":"se","medals":[51,93,92,31,101],"zones":[],"pointsPerHour":0,"points":1109,"blocktime":690,"taken":46,"name":"larszonjr","totalPoints":5334,"rank":6,"id":443061,"place":5744,"uniqueZonesTaken":16,"region":{"name":"Västerbotten","id":127}}}]